ID_NODO;COORDENADA_X;COORDENADA_Y
0;43.0;67.0
3;72.0;14.0
5;102.0;64.0
6;43.0;78.0
16;67.0;72.0
18;7.0;30.0
19;40.0;55.0
20;77.0;37.0
21;34.0;72.0
22;47.0;18.0
34;7.0;54.0
38;49.0;16.0
41;7.0;67.0
46;40.0;52.0
48;49.0;88.0
58;96.0;42.0
63;26.0;37.0
65;41.0;46.0
68;43.0;46.0
85;43.0;79.0
90;63.0;72.0
96;44.0;18.0
98;72.0;68.0
107;39.0;76.0
109;59.0;16.0
110;35.0;23.0
116;64.0;54.0
118;39.0;47.0
119;48.0;30.0
120;49.0;51.0
122;39.0;28.0
125;103.0;47.0
130;38.0;28.0
134;53.0;86.0
138;48.0;51.0
139;49.0;65.0
143;56.0;66.0
144;64.0;42.0
146;48.0;52.0
147;26.0;34.0
150;64.0;68.0
156;49.0;72.0
159;43.0;93.0
160;53.0;68.0
161;38.0;17.0
162;26.0;43.0
165;83.0;42.0
176;72.0;24.0
179;90.0;70.0
180;7.0;60.0
181;54.0;76.0
184;37.0;56.0
191;68.0;23.0
192;53.0;71.0
196;29.0;50.0
197;18.0;60.0
199;77.0;24.0
202;28.0;45.0
204;68.0;98.0
207;71.0;72.0
208;18.0;64.0
209;77.0;39.0
210;2.0;30.0
212;68.0;18.0
213;38.0;30.0
216;41.0;35.0
217;35.0;55.0
218;91.0;50.0
222;66.0;35.0
223;71.0;66.0
229;19.0;50.0
230;39.0;71.0
234;74.0;16.0
235;57.0;23.0
238;48.0;23.0
240;41.0;60.0
241;65.0;70.0
242;28.0;44.0
247;51.0;41.0
249;72.0;43.0
250;8.0;39.0
253;94.0;51.0
255;43.0;30.0
257;79.0;35.0
258;34.0;44.0
264;51.0;49.0
267;77.0;36.0
268;29.0;47.0
269;85.0;61.0
270;19.0;69.0
271;54.0;56.0
275;19.0;66.0
276;41.0;66.0
288;81.0;14.0
294;73.0;45.0
297;67.0;68.0
300;40.0;29.0
303;64.0;49.0
305;34.0;88.0
306;80.0;63.0
314;46.0;58.0
324;43.0;87.0
325;66.0;41.0
329;90.0;48.0
331;73.0;61.0
332;49.0;43.0
337;34.0;43.0
340;67.0;71.0
343;40.0;20.0
349;27.0;84.0
353;47.0;30.0
354;71.0;50.0
355;26.0;22.0
356;47.0;34.0
357;56.0;20.0
360;48.0;29.0
362;49.0;60.0
369;46.0;79.0
374;64.0;60.0
379;46.0;33.0
380;67.0;47.0
393;47.0;62.0
398;59.0;43.0
404;47.0;80.0
412;35.0;20.0
413;79.0;49.0
414;92.0;46.0
424;48.0;1.0
426;35.0;43.0
428;93.0;49.0
435;68.0;61.0
438;23.0;58.0
439;81.0;52.0
442;36.0;84.0
450;69.0;51.0
465;40.0;45.0
471;43.0;70.0
478;66.0;45.0
479;55.0;43.0
500;79.0;45.0
506;59.0;72.0
507;86.0;41.0
510;44.0;48.0
522;66.0;4.0
527;63.0;14.0
529;63.0;2.0
535;55.0;56.0
541;60.0;42.0
546;73.0;11.0
548;64.0;27.0
551;36.0;42.0
552;86.0;63.0
556;70.0;63.0
559;27.0;70.0
562;86.0;25.0
564;36.0;43.0
567;66.0;56.0
571;70.0;12.0
576;66.0;72.0
579;90.0;31.0
581;80.0;67.0
589;64.0;52.0
590;70.0;46.0
594;75.0;52.0
601;25.0;23.0
606;50.0;29.0
608;36.0;61.0
615;26.0;39.0
617;84.0;26.0
618;48.0;11.0
623;70.0;30.0
627;74.0;46.0
628;31.0;49.0
629;80.0;61.0
631;40.0;58.0
632;61.0;42.0
636;66.0;60.0
637;126.0;43.0
639;33.0;30.0
640;44.0;35.0
644;40.0;49.0
651;31.0;48.0
653;60.0;72.0
654;41.0;15.0
656;73.0;18.0
658;73.0;27.0
659;61.0;35.0
662;80.0;65.0
666;64.0;1.0
670;62.0;38.0
672;25.0;57.0
673;17.0;30.0
677;62.0;45.0
681;94.0;47.0
682;51.0;72.0
686;75.0;36.0
687;74.0;64.0
688;70.0;4.0
693;70.0;9.0
695;75.0;38.0
710;41.0;23.0
714;56.0;22.0
715;64.0;72.0
719;103.0;64.0
721;33.0;57.0
722;39.0;94.0
724;81.0;47.0
725;66.0;14.0
727;50.0;17.0
728;70.0;25.0
730;40.0;66.0
739;40.0;69.0
748;56.0;64.0
749;64.0;62.0
757;50.0;22.0
761;126.0;33.0
786;93.0;47.0
789;28.0;35.0
806;148.0;-13.0
813;30.0;39.0
815;68.0;4.0
817;104.0;65.0
818;56.0;43.0
823;54.0;79.0
836;131.0;8.0
844;94.0;37.0
845;90.0;26.0
848;109.0;84.0
849;39.0;79.0
860;81.0;13.0
869;33.0;36.0
877;84.0;28.0
896;38.0;71.0
908;106.0;90.0
922;89.0;83.0
927;89.0;84.0
931;89.0;60.0
932;123.0;39.0
939;50.0;59.0
945;70.0;-8.0
947;68.0;79.0
951;50.0;98.0
963;97.0;53.0
1016;138.0;-4.0
1046;81.0;30.0
1050;89.0;27.0
1111;126.0;10.0
1125;38.0;83.0
1132;40.0;88.0
1149;47.0;81.0
1195;98.0;30.0
1200;138.0;-22.0
1201;67.0;35.0
1208;57.0;59.0
1239;132.0;30.0
1246;126.0;2.0
1247;79.0;60.0
1314;109.0;90.0
1325;109.0;91.0
1367;41.0;17.0
1378;90.0;13.0
1383;50.0;74.0
1386;130.0;49.0
1428;27.0;77.0
1429;126.0;-13.0
1448;50.0;88.0
1470;67.0;60.0
1476;115.0;68.0
1478;94.0;57.0
1507;28.0;39.0
1520;90.0;30.0
1539;42.0;63.0
1549;123.0;31.0
1562;38.0;96.0
1575;153.0;49.0
1582;57.0;70.0
1609;132.0;48.0
1610;50.0;77.0
1613;107.0;30.0
1678;123.0;30.0
1684;103.0;90.0
1688;42.0;82.0
1702;71.0;27.0
1718;84.0;39.0
1776;94.0;28.0
1822;73.0;57.0
1859;84.0;47.0
1866;115.0;91.0
1875;107.0;90.0
1883;28.0;75.0
1946;42.0;43.0
1959;28.0;81.0
1999;58.0;57.0
2001;82.0;28.0
2004;107.0;112.0
2013;107.0;110.0
2059;68.0;28.0
2086;112.0;68.0
2092;67.0;82.0
2100;87.0;50.0
2101;87.0;54.0
2102;84.0;58.0
2103;84.0;63.0
2104;84.0;68.0
2105;78.0;70.0
2106;76.0;75.0
2107;75.0;80.0
2108;71.0;83.0
2109;66.0;85.0
2110;61.0;84.0
2111;56.0;84.0
2112;52.0;87.0
2113;47.0;86.0
2114;43.0;85.0
2115;39.0;83.0
2116;33.0;84.0
2117;29.0;81.0
2118;24.0;80.0
2119;21.0;76.0
2120;17.0;73.0
2121;18.0;67.0
2122;15.0;63.0
2123;15.0;58.0
2124;10.0;54.0
2125;10.0;50.0
2126;12.0;45.0
2127;13.0;40.0
2128;17.0;37.0
2129;19.0;32.0
2130;19.0;28.0
2131;21.0;22.0
2132;24.0;19.0
2133;29.0;17.0
2134;34.0;17.0
2135;38.0;14.0
2136;43.0;14.0
2137;47.0;11.0
2138;52.0;13.0
2139;56.0;13.0
2140;61.0;13.0
2141;66.0;15.0
2142;71.0;16.0
2143;74.0;19.0
2144;78.0;23.0
2145;79.0;28.0
2146;81.0;32.0
2147;87.0;35.0
2148;85.0;40.0
2149;88.0;45.0
2150;18.0;-31.0
2151;20.0;-20.0
2152;20.0;-10.0
2153;20.0;1.0
2154;20.0;11.0
2155;19.0;22.0
2156;17.0;32.0
2157;15.0;43.0
2158;13.0;53.0
2159;9.0;63.0
2160;6.0;73.0
2161;2.0;83.0
2162;-3.0;92.0
2163;-8.0;101.0
2164;-13.0;110.0
2165;23.0;77.0
2166;77.0;21.0
2167;24.0;22.0
2168;66.0;12.0
2169;25.0;24.0
2170;104.0;62.0
2171;66.0;38.0
2172;29.0;88.0
2173;71.0;71.0
2174;40.0;48.0
2175;80.0;60.0
2176;78.0;36.0
2177;72.0;61.0
2178;50.0;84.0
2179;65.0;38.0
2180;64.0;48.0
2181;59.0;14.0
2182;90.0;35.0
2183;17.0;31.0
2184;43.0;74.0
2185;89.0;53.0
2186;27.0;19.0
2187;50.0;78.0
2188;101.0;53.0
2189;54.0;60.0
2190;31.0;36.0
2191;-13.0;117.0
2192;68.0;52.0
2193;121.0;-13.0
2194;64.0;57.0
2195;68.0;72.0
2196;88.0;60.0
2197;13.0;49.0
2198;40.0;17.0
2199;59.0;68.0
2200;37.0;94.0
2201;78.0;47.0
2202;60.0;47.0
2203;51.0;68.0
2204;60.0;44.0
2205;2.0;28.0
2206;47.0;58.0
2207;-18.0;117.0
2208;42.0;71.0
2209;80.0;66.0
2210;94.0;64.0
2211;56.0;68.0
2212;47.0;74.0
2213;63.0;71.0
2214;83.0;68.0
2215;34.0;79.0
2216;88.0;83.0
2217;78.0;50.0
2218;75.0;47.0
2219;66.0;42.0
2220;71.0;79.0
2221;34.0;23.0
2222;99.0;53.0
2223;67.0;85.0
2224;24.0;37.0
2225;79.0;11.0
2226;40.0;63.0
2227;51.0;47.0
2228;71.0;49.0
2229;36.0;28.0
2230;39.0;89.0
2231;80.0;58.0
2232;37.0;17.0
2233;92.0;83.0
2234;25.0;22.0
2235;86.0;36.0
2236;45.0;79.0
2237;19.0;68.0
2238;65.0;12.0
2239;24.0;18.0
2240;20.0;-4.0
2241;86.0;20.0
2242;94.0;52.0
2243;50.0;34.0
2244;25.0;-10.0
2245;112.0;67.0
2246;60.0;37.0
2247;57.0;35.0
2248;67.0;50.0
2249;74.0;42.0
2250;22.0;58.0
2251;97.0;54.0
2252;2.0;82.0
2253;19.0;24.0
2254;7.0;64.0
2255;84.0;34.0
2256;73.0;60.0
2257;0.0;67.0
2258;19.0;54.0
2259;25.0;28.0
2260;25.0;18.0
2261;26.0;38.0
2262;20.0;17.0
2263;77.0;83.0
2264;19.0;58.0
2265;123.0;29.0
2266;53.0;22.0
2267;56.0;44.0
2268;84.0;64.0
2269;7.0;55.0
2270;9.0;53.0
2271;48.0;34.0
2272;50.0;37.0
2273;47.0;65.0
2274;67.0;51.0
2275;37.0;30.0
2276;13.0;69.0
2277;81.0;45.0
2278;56.0;73.0
2279;24.0;77.0
2280;41.0;34.0
2281;18.0;22.0
2282;99.0;47.0
2283;87.0;68.0
2284;132.0;41.0
2285;36.0;32.0
2286;10.0;52.0
2287;59.0;73.0
2288;62.0;42.0
2289;88.0;64.0
2290;6.0;83.0
2291;115.0;88.0
2292;71.0;89.0
2293;42.0;88.0
2294;66.0;-3.0
2295;4.0;73.0
2296;50.0;21.0
2297;86.0;26.0
2298;37.0;84.0
2299;71.0;63.0
2300;36.0;94.0
2301;26.0;49.0
2302;38.0;78.0
2303;40.0;13.0
2304;99.0;52.0
2305;77.0;44.0
2306;23.0;68.0
2307;27.0;48.0
2308;72.0;49.0
2309;84.0;36.0
2310;55.0;37.0
2311;39.0;17.0
2312;45.0;85.0
2313;44.0;47.0
2314;76.0;64.0
2315;44.0;17.0
2316;66.0;89.0
2317;87.0;30.0
2318;22.0;54.0
2319;39.0;33.0
2320;45.0;88.0
2321;56.0;77.0
2322;126.0;39.0
2323;109.0;67.0
2324;81.0;28.0
2325;74.0;62.0
2326;35.0;61.0
2327;77.0;28.0
2328;79.0;40.0
2329;68.0;71.0
2330;78.0;18.0
2331;49.0;71.0
2332;146.0;-13.0
2333;94.0;45.0
2334;33.0;26.0
2335;70.0;64.0
2336;25.0;-14.0
2337;36.0;49.0
2338;62.0;44.0
2339;9.0;52.0
2340;44.0;22.0
2341;69.0;61.0
2342;65.0;50.0
2343;22.0;43.0
2344;43.0;76.0
2345;31.0;41.0
2346;40.0;57.0
2347;50.0;18.0
2348;94.0;53.0
2349;23.0;17.0
2350;45.0;65.0
2351;72.0;25.0
2352;68.0;89.0
2353;25.0;27.0
2354;76.0;57.0
2355;54.0;34.0
2356;72.0;67.0
2357;103.0;89.0
2358;29.0;36.0
2359;53.0;52.0
2360;19.0;46.0
2361;42.0;60.0
2362;6.0;50.0
2363;36.0;20.0
2364;36.0;71.0
2365;60.0;39.0
2366;51.0;52.0
2367;14.0;64.0
2368;38.0;98.0
2369;47.0;90.0
2370;13.0;56.0
2371;71.0;56.0
2372;104.0;61.0
2373;74.0;60.0
2374;28.0;70.0
2375;72.0;9.0
2376;44.0;70.0
2377;90.0;28.0
2378;69.0;85.0
2379;46.0;89.0
2380;29.0;53.0
2381;91.0;60.0
2382;56.0;71.0
2383;65.0;17.0
2384;102.0;63.0
2385;41.0;94.0
2386;73.0;16.0
2387;86.0;31.0
2388;131.0;33.0
2389;44.0;13.0
2390;4.0;50.0
2391;36.0;78.0
2392;126.0;38.0
2393;65.0;56.0
2394;95.0;30.0
2395;82.0;35.0
2396;33.0;32.0
2397;118.0;-13.0
2398;14.0;67.0
2399;36.0;73.0
2400;66.0;48.0
2401;51.0;48.0
2402;47.0;23.0
2403;79.0;19.0
2404;86.0;70.0
2405;20.0;46.0
2406;92.0;27.0
2407;-12.0;117.0
2408;83.0;25.0
2409;114.0;-13.0
2410;41.0;30.0
2411;76.0;85.0
2412;21.0;39.0
2413;69.0;60.0
2414;37.0;90.0
2415;78.0;19.0
2416;40.0;72.0
2417;88.0;71.0
2418;72.0;71.0
2419;73.0;49.0
2420;30.0;32.0
2421;97.0;46.0
2422;41.0;96.0
2423;47.0;29.0
2424;53.0;23.0
2425;41.0;61.0
2426;20.0;27.0
2427;39.0;26.0
2428;93.0;41.0
2429;37.0;23.0
2430;19.0;53.0
2431;33.0;33.0
2432;13.0;-31.0
2433;138.0;-15.0
2434;35.0;17.0
2435;56.0;27.0
2436;89.0;30.0
2437;46.0;87.0
2438;66.0;55.0
2439;34.0;19.0
2440;19.0;44.0
2441;83.0;26.0
2442;99.0;49.0
2443;103.0;84.0
2444;84.0;38.0
2445;89.0;80.0
2446;85.0;64.0
2447;46.0;40.0
2448;89.0;68.0
2449;69.0;44.0
2450;39.0;52.0
2451;79.0;38.0
2452;50.0;48.0
2453;25.0;53.0
2454;69.0;68.0
2455;72.0;48.0
2456;46.0;74.0
2457;64.0;59.0
2458;34.0;22.0
2459;60.0;35.0
2460;41.0;93.0
2461;41.0;48.0
2462;51.0;43.0
2463;93.0;46.0
2464;22.0;68.0
2465;84.0;41.0
2466;27.0;1.0
2467;79.0;50.0
2468;88.0;73.0
2469;131.0;1.0
2470;76.0;69.0
2471;-1.0;30.0
2472;93.0;70.0
2473;68.0;82.0
2474;20.0;-25.0
2475;59.0;18.0
2476;34.0;58.0
2477;94.0;54.0
2478;56.0;74.0
2479;84.0;53.0
2480;128.0;49.0
2481;99.0;51.0
2482;40.0;19.0
2483;74.0;50.0
2484;28.0;33.0
2485;52.0;82.0
2486;19.0;55.0
2487;6.0;54.0
2488;63.0;46.0
2489;75.0;73.0
2490;91.0;51.0
2491;95.0;23.0
2492;48.0;36.0
2493;67.0;31.0
2494;109.0;66.0
2495;105.0;63.0
2496;18.0;71.0
2497;8.0;52.0
2498;72.0;38.0
2499;29.0;33.0
2500;71.0;18.0
2501;56.0;76.0
2502;36.0;76.0
2503;66.0;39.0
2504;64.0;20.0
2505;67.0;54.0
2506;100.0;63.0
2507;88.0;41.0
2508;5.0;52.0
2509;51.0;78.0
2510;98.0;47.0
2511;35.0;25.0
2512;54.0;63.0
2513;138.0;1.0
2514;89.0;67.0
2515;83.0;30.0
2516;109.0;92.0
2517;68.0;77.0
2518;54.0;80.0
2519;67.0;46.0
2520;51.0;44.0
2521;53.0;74.0
2522;68.0;22.0
2523;34.0;86.0
2524;31.0;22.0
2525;53.0;73.0
2526;65.0;67.0
2527;67.0;30.0
2528;77.0;27.0
2529;77.0;22.0
2530;50.0;11.0
2531;77.0;38.0
2532;126.0;-11.0
2533;44.0;37.0
2534;119.0;29.0
2535;40.0;60.0
2536;84.0;45.0
2537;14.0;43.0
2538;13.0;39.0
2539;39.0;29.0
2540;85.0;38.0
2541;16.0;43.0
2542;84.0;56.0
2543;57.0;64.0
2544;39.0;87.0
2545;82.0;30.0
2546;46.0;34.0
2547;61.0;30.0
2548;34.0;33.0
2549;54.0;78.0
2550;25.0;17.0
2551;64.0;35.0
2552;80.0;52.0
2553;24.0;-20.0
2554;82.0;70.0
2555;53.0;49.0
2556;40.0;74.0
2557;120.0;-13.0
2558;31.0;42.0
2559;50.0;24.0
2560;15.0;47.0
2561;89.0;70.0
2562;60.0;74.0
2563;36.0;14.0
2564;95.0;46.0
2565;70.0;59.0
2566;35.0;24.0
2567;148.0;-8.0
2568;63.0;89.0
2569;13.0;68.0
2570;95.0;19.0
2571;12.0;63.0
2572;58.0;18.0
2573;36.0;54.0
2574;42.0;61.0
2575;13.0;-29.0
2576;5.0;48.0
2577;44.0;29.0
2578;103.0;53.0
2579;36.0;38.0
2580;95.0;51.0
2581;8.0;46.0
2582;47.0;85.0
2583;17.0;-25.0
2584;44.0;41.0
2585;67.0;52.0
2586;98.0;43.0
2587;99.0;44.0
2588;55.0;45.0
2589;32.0;39.0
2590;36.0;72.0
2591;72.0;21.0
2592;58.0;46.0
2593;34.0;18.0
2594;53.0;44.0
2595;91.0;41.0
2596;132.0;49.0
2597;106.0;84.0
2598;66.0;3.0
2599;133.0;33.0
2600;107.0;25.0
2601;3.0;52.0
2602;61.0;86.0
2603;79.0;42.0
2604;14.0;70.0
2605;82.0;29.0
2606;28.0;68.0
2607;4.0;68.0
2608;145.0;-8.0
2609;70.0;54.0
2610;151.0;49.0
2611;89.0;73.0
2612;134.0;49.0
2613;40.0;41.0
2614;8.0;70.0
2615;42.0;58.0
2616;90.0;43.0
2617;15.0;39.0
2618;112.0;63.0
2619;15.0;45.0
2620;128.0;54.0
2621;10.0;46.0
2622;72.0;37.0
2623;24.0;81.0
2624;90.0;52.0
2625;40.0;24.0
2626;60.0;85.0
2627;46.0;64.0
2628;28.0;38.0
2629;78.0;24.0
2630;58.0;41.0
2631;34.0;13.0
2632;46.0;60.0
2633;60.0;49.0
2634;67.0;90.0
2635;102.0;69.0
2636;77.0;47.0
2637;8.0;30.0
2638;18.0;77.0
2639;39.0;74.0
2640;47.0;35.0
2641;96.0;23.0
2642;48.0;41.0
2643;57.0;54.0
2644;65.0;64.0
2645;135.0;33.0
2646;36.0;88.0
2647;91.0;52.0
2648;27.0;-3.0
2649;83.0;14.0
2650;20.0;-1.0
2651;70.0;68.0
2652;57.0;58.0
2653;60.0;70.0
2654;25.0;34.0
2655;29.0;26.0
2656;38.0;80.0
2657;112.0;90.0
2658;72.0;44.0
2659;44.0;24.0
2660;48.0;17.0
2661;24.0;17.0
2662;60.0;75.0
2663;56.0;21.0
2664;23.0;19.0
2665;38.0;67.0
2666;33.0;83.0
2667;18.0;68.0
2668;60.0;71.0
2669;76.0;60.0
2670;41.0;62.0
2671;125.0;2.0
2672;54.0;65.0
2673;81.0;54.0
2674;39.0;93.0
2675;19.0;60.0
2676;69.0;11.0
2677;51.0;74.0
2678;38.0;91.0
2679;91.0;63.0
2680;17.0;54.0
2681;105.0;62.0
2682;99.0;55.0
2683;145.0;1.0
2684;13.0;52.0
2685;78.0;83.0
2686;41.0;86.0
2687;47.0;24.0
2688;15.0;77.0
2689;108.0;68.0
2690;135.0;30.0
2691;19.0;31.0
2692;56.0;90.0
2693;47.0;20.0
2694;90.0;14.0
2695;24.0;15.0
2696;79.0;47.0
2697;74.0;55.0
2698;126.0;32.0
2699;121.0;-19.0
2700;78.0;29.0
2701;38.0;61.0
2702;41.0;88.0
2703;76.0;62.0
2704;88.0;34.0
2705;66.0;70.0
2706;14.0;31.0
2707;42.0;28.0
2708;-1.0;73.0
2709;56.0;78.0
2710;78.0;25.0
2711;21.0;60.0
2712;59.0;47.0
2713;36.0;9.0
2714;39.0;95.0
2715;102.0;73.0
2716;40.0;14.0
2717;79.0;33.0
2718;68.0;59.0
2719;74.0;53.0
2720;44.0;50.0
2721;73.0;14.0
2722;13.0;77.0
2723;33.0;62.0
2724;51.0;34.0
2725;69.0;54.0
2726;27.0;68.0
2727;19.0;45.0
2728;109.0;86.0
2729;56.0;45.0
2730;77.0;16.0
2731;42.0;67.0
2732;65.0;62.0
2733;109.0;68.0
2734;70.0;47.0
2735;26.0;26.0
2736;39.0;97.0
2737;99.0;50.0
2738;33.0;23.0
2739;33.0;28.0
2740;91.0;47.0
2741;78.0;58.0
2742;53.0;70.0
2743;33.0;67.0
2744;128.0;52.0
2745;96.0;47.0
2746;42.0;57.0
2747;48.0;59.0
2748;56.0;82.0
2749;41.0;97.0
2750;39.0;13.0
2751;67.0;36.0
2752;59.0;70.0
2753;32.0;41.0
2754;41.0;45.0
2755;74.0;39.0
2756;42.0;26.0
2757;87.0;57.0
2758;33.0;1.0
2759;92.0;80.0
2760;17.0;22.0
2761;39.0;30.0
2762;74.0;59.0
2763;64.0;38.0
2764;91.0;64.0
2765;66.0;46.0
2766;32.0;96.0
2767;61.0;90.0
2768;63.0;21.0
2769;-21.0;117.0
2770;41.0;90.0
2771;17.0;33.0
2772;53.0;78.0
2773;20.0;22.0
2774;35.0;34.0
2775;53.0;51.0
2776;15.0;56.0
2777;67.0;45.0
2778;55.0;14.0
2779;28.0;36.0
2780;38.0;90.0
2781;38.0;24.0
2782;80.0;62.0
2783;93.0;72.0
2784;2.0;73.0
2785;20.0;21.0
2786;50.0;23.0
2787;86.0;68.0
2788;53.0;13.0
2789;98.0;40.0
2790;43.0;24.0
2791;78.0;20.0
2792;31.0;24.0
2793;48.0;24.0
2794;22.0;59.0
2795;13.0;50.0
2796;19.0;49.0
2797;40.0;8.0
2798;79.0;4.0
2799;46.0;84.0
2800;141.0;-4.0
2801;50.0;63.0
2802;44.0;51.0
2803;27.0;75.0
2804;53.0;37.0
2805;59.0;22.0
2806;34.0;98.0
2807;95.0;50.0
2808;28.0;18.0
2809;131.0;3.0
2810;52.0;72.0
2811;31.0;33.0
2812;9.0;54.0
2813;3.0;50.0
2814;21.0;59.0
2815;38.0;12.0
2816;35.0;60.0
2817;89.0;35.0
2818;25.0;29.0
2819;55.0;68.0
2820;67.0;24.0
2821;91.0;56.0
2822;34.0;100.0
2823;45.0;90.0
2824;73.0;-8.0
2825;18.0;39.0
2826;21.0;-10.0
2827;36.0;57.0
2828;60.0;38.0
2829;42.0;76.0
2830;100.0;84.0
2831;37.0;73.0
2832;101.0;50.0
2833;44.0;25.0
2834;71.0;67.0
2835;69.0;62.0
2836;53.0;54.0
2837;75.0;39.0
2838;70.0;56.0
2839;128.0;60.0
2840;8.0;82.0
2841;153.0;55.0
2842;69.0;69.0
2843;37.0;25.0
2844;56.0;92.0
2845;99.0;41.0
2846;95.0;17.0
2847;75.0;49.0
2848;23.0;37.0
2849;90.0;15.0
2850;8.0;63.0
2851;37.0;98.0
2852;37.0;54.0
2853;71.0;62.0
2854;39.0;72.0
2855;20.0;-26.0
2856;8.0;65.0
2857;59.0;42.0
2858;-21.0;115.0
2859;53.0;57.0
2860;60.0;68.0
2861;71.0;61.0
2862;29.0;37.0
2863;45.0;35.0
2864;73.0;47.0
2865;52.0;71.0
2866;77.0;18.0
2867;12.0;43.0
2868;82.0;27.0
2869;21.0;24.0
2870;42.0;30.0
2871;13.0;76.0
2872;126.0;-4.0
2873;66.0;91.0
2874;36.0;37.0
2875;43.0;37.0
2876;47.0;70.0
2877;118.0;-19.0
2878;44.0;40.0
2879;89.0;14.0
2880;73.0;71.0
2881;19.0;77.0
2882;61.0;89.0
2883;70.0;66.0
2884;110.0;84.0
2885;48.0;84.0
2886;45.0;52.0
2887;33.0;64.0
2888;16.0;66.0
2889;44.0;84.0
2890;36.0;93.0
2891;102.0;52.0
2892;56.0;50.0
2893;-4.0;28.0
2894;75.0;81.0
2895;60.0;57.0
2896;45.0;82.0
2897;70.0;53.0
2898;8.0;58.0
2899;73.0;42.0
2900;79.0;36.0
2901;60.0;51.0
2902;58.0;14.0
2903;80.0;4.0
2904;49.0;74.0
2905;91.0;42.0
2906;89.0;85.0
2907;58.0;38.0
2908;50.0;58.0
2909;76.0;28.0
2910;49.0;78.0
2911;72.0;54.0
2912;82.0;52.0
2913;83.0;70.0
2914;35.0;71.0
2915;46.0;23.0
2916;56.0;72.0
2917;96.0;27.0
2918;53.0;64.0
2919;55.0;18.0
2920;69.0;65.0
2921;51.0;37.0
2922;77.0;51.0
2923;25.0;68.0
2924;20.0;14.0
2925;8.0;40.0
2926;16.0;24.0
2927;61.0;87.0
2928;19.0;80.0
2929;77.0;46.0
2930;78.0;21.0
2931;35.0;91.0
2932;47.0;37.0
2933;37.0;99.0
2934;23.0;22.0
2935;65.0;91.0
2936;80.0;53.0
2937;38.0;20.0
2938;77.0;15.0
2939;37.0;95.0
2940;50.0;30.0
2941;27.0;79.0
2942;85.0;13.0
2943;34.0;20.0
2944;36.0;47.0
2945;55.0;47.0
2946;100.0;46.0
2947;18.0;-34.0
2948;81.0;70.0
2949;42.0;42.0
2950;103.0;44.0
2951;65.0;49.0
2952;36.0;19.0
2953;0.0;73.0
2954;91.0;44.0
2955;63.0;26.0
2956;98.0;38.0
2957;87.0;36.0
2958;111.0;-19.0
2959;102.0;68.0
2960;94.0;35.0
2961;44.0;88.0
2962;70.0;28.0
2963;58.0;49.0
2964;81.0;53.0
2965;64.0;32.0
2966;69.0;28.0
2967;84.0;30.0
2968;36.0;30.0
2969;33.0;35.0
2970;77.0;52.0
2971;53.0;16.0
2972;103.0;93.0
2973;85.0;68.0
2974;102.0;57.0
2975;53.0;38.0
2976;42.0;36.0
2977;31.0;68.0
2978;15.0;40.0
2979;95.0;27.0
2980;54.0;75.0
2981;109.0;87.0
2982;54.0;71.0
2983;27.0;42.0
2984;58.0;61.0
2985;23.0;28.0
2986;25.0;67.0
2987;38.0;92.0
2988;28.0;41.0
2989;71.0;44.0
2990;48.0;57.0
2991;66.0;54.0
2992;68.0;15.0
2993;145.0;-13.0
2994;15.0;50.0
2995;118.0;-16.0
2996;43.0;19.0
2997;80.0;48.0
2998;77.0;29.0
2999;37.0;20.0
3000;4.0;45.0
3001;32.0;29.0
3002;75.0;27.0
3003;62.0;47.0
3004;83.0;52.0
3005;49.0;63.0
3006;68.0;19.0
3007;22.0;37.0
3008;68.0;16.0
3009;53.0;45.0
3010;76.0;18.0
3011;138.0;3.0
3012;31.0;91.0
3013;70.0;52.0
3014;24.0;24.0
3015;22.0;27.0
3016;60.0;90.0
3017;107.0;118.0
3018;33.0;31.0
3019;49.0;35.0
3020;14.0;71.0
3021;70.0;32.0
3022;47.0;88.0
3023;35.0;30.0
3024;35.0;53.0
3025;78.0;57.0
3026;19.0;-34.0
3027;24.0;14.0
3028;107.0;107.0
3029;20.0;15.0
3030;78.0;31.0
3031;91.0;39.0
3032;145.0;-10.0
3033;78.0;63.0
3034;18.0;-35.0
3035;85.0;35.0
3036;36.0;17.0
3037;73.0;15.0
3038;13.0;83.0
3039;141.0;49.0
3040;33.0;71.0
3041;19.0;73.0
3042;55.0;52.0
3043;90.0;83.0
3044;56.0;58.0
3045;44.0;42.0
3046;91.0;26.0
3047;46.0;51.0
3048;81.0;56.0
3049;32.0;38.0
3050;85.0;63.0
3051;89.0;10.0
3052;18.0;-20.0
3053;26.0;31.0
3054;82.0;36.0
3055;31.0;98.0
3056;24.0;9.0
3057;36.0;39.0
3058;43.0;23.0
3059;48.0;78.0
3060;151.0;54.0
3061;70.0;49.0
3062;29.0;31.0
3063;136.0;48.0
3064;37.0;97.0
3065;57.0;90.0
3066;66.0;96.0
3067;88.0;79.0
3068;114.0;-16.0
3069;115.0;87.0
3070;93.0;57.0
3071;34.0;41.0
3072;-10.0;92.0
3073;83.0;46.0
3074;92.0;31.0
3075;82.0;31.0
3076;68.0;46.0
3077;40.0;61.0
3078;44.0;49.0
3079;97.0;41.0
3080;31.0;76.0
3081;63.0;60.0
3082;39.0;84.0
3083;65.0;63.0
3084;42.0;19.0
3085;21.0;15.0
3086;63.0;57.0
3087;59.0;41.0
3088;75.0;66.0
3089;48.0;90.0
3090;65.0;65.0
3091;30.0;36.0
3092;83.0;23.0
3093;73.0;25.0
3094;53.0;48.0
3095;61.0;46.0
3096;78.0;65.0
3097;72.0;85.0
3098;30.0;43.0
3099;24.0;53.0
3100;15.0;70.0
3101;61.0;14.0
3102;78.0;42.0
3103;58.0;71.0
3104;73.0;20.0
3105;14.0;76.0
3106;74.0;4.0
3107;74.0;47.0
3108;68.0;20.0
3109;70.0;31.0
3110;44.0;98.0
3111;108.0;70.0
3112;47.0;15.0
3113;106.0;80.0
3114;48.0;83.0
3115;45.0;74.0
3116;67.0;56.0
3117;35.0;19.0
3118;63.0;47.0
3119;48.0;25.0
3120;87.0;75.0
3121;9.0;40.0
3122;74.0;54.0
3123;63.0;51.0
3124;45.0;72.0
3125;114.0;67.0
3126;97.0;63.0
3127;100.0;28.0
3128;68.0;56.0
3129;70.0;29.0
3130;18.0;73.0
3131;76.0;9.0
3132;72.0;3.0
3133;66.0;61.0
3134;76.0;15.0
3135;128.0;46.0
3136;27.0;73.0
3137;131.0;13.0
3138;89.0;23.0
3139;54.0;74.0
3140;2.0;87.0
3141;62.0;61.0
3142;75.0;67.0
3143;73.0;21.0
3144;100.0;51.0
3145;81.0;27.0
3146;83.0;85.0
3147;77.0;11.0
3148;104.0;70.0
3149;-18.0;113.0
3150;108.0;65.0
3151;29.0;48.0
3152;20.0;73.0
3153;128.0;61.0
3154;19.0;64.0
3155;21.0;-7.0
3156;48.0;63.0
3157;23.0;23.0
3158;7.0;40.0
3159;63.0;64.0
3160;54.0;38.0
3161;83.0;58.0
3162;45.0;14.0
3163;13.0;-28.0
3164;85.0;6.0
3165;74.0;56.0
3166;88.0;68.0
3167;58.0;33.0
3168;79.0;44.0
3169;47.0;57.0
3170;67.0;15.0
3171;58.0;35.0
3172;10.0;40.0
3173;69.0;70.0
3174;98.0;46.0
3175;68.0;65.0
3176;16.0;54.0
3177;25.0;51.0
3178;37.0;49.0
3179;53.0;34.0
3180;0.0;66.0
3181;74.0;57.0
3182;69.0;22.0
3183;132.0;54.0
3184;36.0;70.0
3185;75.0;35.0
3186;62.0;56.0
3187;132.0;2.0
3188;66.0;77.0
3189;-1.0;48.0
3190;71.0;60.0
3191;71.0;69.0
3192;32.0;33.0
3193;54.0;21.0
3194;40.0;89.0
3195;34.0;70.0
3196;64.0;22.0
3197;55.0;49.0
3198;41.0;79.0
3199;101.0;35.0
3200;88.0;61.0
3201;33.0;88.0
3202;59.0;12.0
3203;18.0;76.0
3204;39.0;90.0
3205;23.0;71.0
3206;18.0;24.0
3207;36.0;95.0
3208;31.0;67.0
3209;7.0;45.0
3210;43.0;22.0
3211;20.0;10.0
3212;62.0;90.0
3213;38.0;57.0
3214;45.0;19.0
3215;10.0;43.0
3216;82.0;68.0
3217;93.0;75.0
3218;95.0;35.0
3219;16.0;48.0
3220;75.0;50.0
3221;36.0;4.0
3222;62.0;89.0
3223;87.0;70.0
3224;83.0;19.0
3225;10.0;34.0
3226;79.0;56.0
3227;53.0;67.0
3228;67.0;89.0
3229;115.0;94.0
3230;73.0;65.0
3231;12.0;34.0
3232;72.0;92.0
3233;70.0;50.0
3234;78.0;46.0
3235;30.0;-10.0
3236;25.0;61.0
3237;58.0;58.0
3238;77.0;33.0
3239;73.0;19.0
3240;30.0;35.0
3241;42.0;40.0
3242;76.0;5.0
3243;39.0;57.0
3244;16.0;50.0
3245;-27.0;115.0
3246;21.0;78.0
3247;58.0;55.0
3248;47.0;21.0
3249;68.0;51.0
3250;96.0;39.0
3251;72.0;8.0
3252;90.0;64.0
3253;62.0;57.0
3254;67.0;12.0
3255;95.0;32.0
3256;51.0;33.0
3257;73.0;58.0
3258;40.0;97.0
3259;57.0;12.0
3260;86.0;45.0
3261;42.0;46.0
3262;20.0;52.0
3263;70.0;37.0
3264;86.0;80.0
3265;78.0;27.0
3266;79.0;51.0
3267;13.0;55.0
3268;42.0;56.0
3269;25.0;56.0
3270;82.0;44.0
3271;86.0;46.0
3272;36.0;90.0
3273;73.0;63.0
3274;42.0;69.0
3275;45.0;86.0
3276;48.0;37.0
3277;34.0;12.0
3278;82.0;49.0
3279;19.0;62.0
3280;75.0;18.0
3281;124.0;-11.0
3282;56.0;12.0
3283;23.0;54.0
3284;52.0;81.0
3285;53.0;43.0
3286;88.0;52.0
3287;31.0;70.0
3288;73.0;32.0
3289;92.0;13.0
3290;79.0;57.0
3291;52.0;85.0
3292;31.0;20.0
3293;73.0;44.0
3294;76.0;56.0
3295;82.0;62.0
3296;60.0;36.0
3297;112.0;25.0
3298;66.0;75.0
3299;132.0;46.0
3300;64.0;61.0
3301;83.0;50.0
3302;95.0;20.0
3303;10.0;53.0
3304;69.0;50.0
3305;131.0;-2.0
3306;76.0;83.0
3307;54.0;51.0
3308;28.0;69.0
3309;84.0;27.0
3310;73.0;39.0
3311;53.0;72.0
3312;71.0;46.0
3313;55.0;16.0
3314;35.0;22.0
3315;33.0;20.0
3316;35.0;98.0
3317;28.0;30.0
3318;88.0;27.0
3319;24.0;31.0
3320;26.0;36.0
3321;73.0;81.0
3322;16.0;40.0
3323;72.0;53.0
3324;50.0;26.0
3325;43.0;29.0
3326;26.0;73.0
3327;85.0;32.0
3328;40.0;71.0
3329;16.0;15.0
3330;39.0;92.0
3331;100.0;39.0
3332;42.0;24.0
3333;43.0;98.0
3334;83.0;44.0
3335;72.0;56.0
3336;40.0;54.0
3337;48.0;56.0
3338;51.0;16.0
3339;53.0;75.0
3340;50.0;79.0
3341;44.0;63.0
3342;20.0;13.0
3343;33.0;97.0
3344;27.0;78.0
3345;13.0;27.0
3346;8.0;68.0
3347;104.0;64.0
3348;56.0;9.0
3349;33.0;43.0
3350;96.0;10.0
3351;6.0;68.0
3352;79.0;39.0
3353;89.0;45.0
3354;10.0;60.0
3355;54.0;41.0
3356;73.0;8.0
3357;109.0;73.0
3358;81.0;71.0
3359;135.0;34.0
3360;36.0;87.0
3361;29.0;68.0
3362;28.0;23.0
3363;35.0;57.0
3364;30.0;27.0
3365;70.0;62.0
3366;20.0;9.0
3367;24.0;30.0
3368;68.0;60.0
3369;128.0;40.0
3370;24.0;38.0
3371;43.0;73.0
3372;48.0;60.0
3373;56.0;70.0
3374;-4.0;32.0
3375;43.0;31.0
3376;48.0;16.0
3377;87.0;25.0
3378;151.0;56.0
3379;31.0;35.0
3380;42.0;23.0
3381;19.0;63.0
3382;58.0;68.0
3383;75.0;57.0
3384;81.0;29.0
3385;65.0;55.0
3386;4.0;53.0
3387;126.0;35.0
3388;65.0;32.0
3389;108.0;75.0
3390;65.0;54.0
3391;86.0;42.0
3392;31.0;56.0
3393;94.0;49.0
3394;73.0;62.0
3395;59.0;54.0
3396;8.0;76.0
3397;79.0;41.0
3398;62.0;58.0
3399;89.0;78.0
3400;45.0;69.0
3401;57.0;37.0
3402;36.0;31.0
3403;30.0;31.0
3404;81.0;42.0
3405;58.0;69.0
3406;70.0;77.0
3407;68.0;42.0
3408;76.0;58.0
3409;48.0;26.0
3410;152.0;-8.0
3411;39.0;67.0
3412;80.0;69.0
3413;61.0;54.0
3414;42.0;13.0
3415;68.0;14.0
3416;77.0;50.0
3417;14.0;82.0
3418;68.0;47.0
3419;25.0;59.0
3420;50.0;54.0
3421;37.0;101.0
3422;61.0;48.0
3423;30.0;77.0
3424;19.0;17.0
3425;65.0;66.0
3426;67.0;13.0
3427;40.0;23.0
3428;87.0;39.0
3429;58.0;81.0
3430;29.0;93.0
3431;129.0;54.0
3432;79.0;46.0
3433;72.0;79.0
3434;54.0;44.0
3435;81.0;19.0
3436;58.0;76.0
3437;145.0;3.0
3438;63.0;73.0
3439;98.0;54.0
3440;55.0;51.0
3441;27.0;17.0
3442;39.0;31.0
3443;91.0;70.0
3444;25.0;37.0
3445;113.0;70.0
3446;83.0;20.0
3447;41.0;41.0
3448;19.0;29.0
3449;87.0;26.0
3450;62.0;54.0
3451;50.0;82.0
3452;63.0;85.0
3453;4.0;56.0
3454;86.0;66.0
3455;36.0;48.0
3456;63.0;45.0
3457;48.0;33.0
3458;68.0;3.0
3459;62.0;49.0
3460;47.0;28.0
3461;49.0;57.0
3462;37.0;4.0
3463;71.0;73.0
3464;70.0;-11.0
3465;89.0;40.0
3466;49.0;67.0
3467;70.0;35.0
3468;73.0;40.0
3469;36.0;40.0
3470;26.0;54.0
3471;124.0;-18.0
3472;15.0;51.0
3473;80.0;42.0
3474;84.0;46.0
3475;150.0;54.0
3476;64.0;29.0
3477;65.0;59.0
3478;107.0;116.0
3479;56.0;57.0
3480;28.0;64.0
3481;73.0;64.0
3482;64.0;67.0
3483;132.0;6.0
3484;68.0;100.0
3485;43.0;28.0
3486;30.0;42.0
3487;33.0;63.0
3488;40.0;31.0
3489;19.0;52.0
3490;26.0;32.0
3491;114.0;-20.0
3492;13.0;-25.0
3493;75.0;29.0
3494;73.0;54.0
3495;32.0;93.0
3496;60.0;43.0
3497;126.0;-10.0
3498;79.0;31.0
3499;34.0;56.0
3500;69.0;56.0
3501;31.0;1.0
3502;52.0;35.0
3503;40.0;10.0
3504;93.0;48.0
3505;63.0;77.0
3506;21.0;9.0
3507;13.0;-37.0
3508;96.0;44.0
3509;44.0;7.0
3510;34.0;26.0
3511;91.0;61.0
3512;63.0;49.0
3513;66.0;82.0
3514;31.0;32.0
3515;71.0;54.0
3516;-21.0;116.0
3517;71.0;12.0
3518;45.0;83.0
3519;112.0;66.0
3520;109.0;82.0
3521;19.0;84.0
3522;82.0;57.0
3523;82.0;42.0
3524;70.0;2.0
3525;76.0;66.0
3526;87.0;33.0
3527;18.0;82.0
3528;14.0;30.0
3529;9.0;58.0
3530;72.0;57.0
3531;25.0;41.0
3532;96.0;20.0
3533;74.0;20.0
3534;71.0;3.0
3535;4.0;46.0
3536;44.0;43.0
3537;77.0;86.0
3538;79.0;67.0
3539;86.0;30.0
3540;68.0;38.0
3541;76.0;61.0
3542;75.0;46.0
3543;42.0;70.0
3544;79.0;59.0
3545;70.0;58.0
3546;14.0;24.0
3547;10.0;24.0
3548;27.0;74.0
3549;35.0;83.0
3550;49.0;76.0
3551;44.0;39.0
3552;159.0;55.0
3553;70.0;7.0
3554;70.0;16.0
3555;67.0;18.0
3556;46.0;71.0
3557;23.0;-25.0
3558;59.0;17.0
3559;35.0;90.0
3560;27.0;72.0
3561;82.0;43.0
3562;81.0;38.0
3563;79.0;20.0
3564;73.0;48.0
3565;73.0;-15.0
3566;90.0;9.0
3567;17.0;20.0
3568;18.0;74.0
3569;93.0;74.0
3570;96.0;54.0
3571;37.0;70.0
3572;134.0;54.0
3573;99.0;84.0
3574;13.0;-26.0
3575;7.0;58.0
3576;25.0;58.0
3577;103.0;46.0
3578;93.0;36.0
3579;81.0;24.0
3580;70.0;81.0
3581;84.0;57.0
3582;31.0;17.0
3583;43.0;38.0
3584;61.0;31.0
3585;79.0;21.0
3586;116.0;-19.0
3587;32.0;57.0
3588;93.0;23.0
3589;73.0;69.0
3590;38.0;21.0
3591;89.0;41.0
3592;9.0;73.0
3593;42.0;17.0
3594;95.0;24.0
3595;61.0;32.0
3596;9.0;50.0
3597;52.0;69.0
3598;50.0;20.0
3599;78.0;35.0
3600;69.0;21.0
3601;69.0;33.0
3602;54.0;73.0
3603;78.0;60.0
3604;57.0;73.0
3605;95.0;83.0
3606;70.0;57.0
3607;83.0;38.0
3608;83.0;29.0
3609;134.0;6.0
3610;88.0;36.0
3611;8.0;42.0
3612;52.0;37.0
3613;5.0;76.0
3614;48.0;-2.0
3615;85.0;65.0
3616;19.0;89.0
3617;128.0;41.0
3618;47.0;66.0
3619;88.0;35.0
3620;85.0;52.0
3621;27.0;15.0
3622;16.0;82.0
3623;47.0;-2.0
3624;76.0;54.0
3625;37.0;22.0
3626;56.0;52.0
3627;37.0;82.0
3628;57.0;80.0
3629;31.0;21.0
3630;34.0;97.0
3631;51.0;28.0
3632;31.0;96.0
3633;130.0;33.0
3634;44.0;19.0
3635;12.0;40.0
3636;35.0;95.0
3637;19.0;67.0
3638;36.0;56.0
3639;70.0;26.0
3640;108.0;62.0
3641;28.0;37.0
3642;79.0;18.0
3643;129.0;49.0
3644;116.0;84.0
3645;73.0;-21.0
3646;75.0;51.0
3647;21.0;-3.0
3648;13.0;71.0
3649;72.0;40.0
3650;55.0;23.0
3651;59.0;76.0
3652;73.0;3.0
3653;23.0;15.0
3654;46.0;65.0
3655;102.0;17.0
3656;66.0;13.0
3657;89.0;42.0
3658;68.0;93.0
3659;21.0;65.0
3660;13.0;58.0
3661;83.0;56.0
3662;56.0;98.0
3663;25.0;33.0
3664;95.0;60.0
3665;29.0;18.0
3666;62.0;12.0
3667;52.0;34.0
3668;71.0;53.0
3669;80.0;44.0
3670;21.0;41.0
3671;107.0;46.0
3672;64.0;44.0
3673;80.0;54.0
3674;109.0;44.0
3675;22.0;15.0
3676;34.0;51.0
3677;76.0;27.0
3678;49.0;17.0
3679;69.0;37.0
3680;63.0;58.0
3681;76.0;42.0
3682;75.0;22.0
3683;4.0;69.0
3684;25.0;52.0
3685;90.0;63.0
3686;106.0;50.0
3687;143.0;1.0
3688;52.0;75.0
3689;41.0;56.0
3690;51.0;60.0
3691;27.0;63.0
3692;23.0;-3.0
3693;108.0;76.0
3694;126.0;41.0
3695;51.0;84.0
3696;99.0;73.0
3697;31.0;16.0
3698;-21.0;112.0
3699;52.0;43.0
3700;59.0;78.0
3701;19.0;79.0
3702;24.0;32.0
3703;93.0;52.0
3704;21.0;82.0
3705;52.0;52.0
3706;52.0;44.0
3707;125.0;-10.0
3708;95.0;28.0
3709;141.0;3.0
3710;37.0;92.0
3711;41.0;29.0
3712;64.0;50.0
3713;73.0;41.0
3714;23.0;39.0
3715;37.0;19.0
3716;73.0;31.0
3717;77.0;14.0
3718;64.0;18.0
3719;73.0;73.0
3720;137.0;41.0
3721;141.0;1.0
3722;66.0;16.0
3723;79.0;25.0
3724;31.0;31.0
3725;35.0;84.0
3726;24.0;52.0
3727;76.0;49.0
3728;93.0;53.0
3729;17.0;27.0
3730;56.0;101.0
3731;64.0;76.0
3732;27.0;33.0
3733;63.0;37.0
3734;83.0;61.0
3735;125.0;33.0
3736;66.0;32.0
3737;96.0;25.0
3738;26.0;47.0
3739;58.0;74.0
3740;79.0;64.0
3741;73.0;50.0
3742;47.0;60.0
3743;36.0;21.0
3744;54.0;69.0
3745;25.0;21.0
3746;142.0;34.0
3747;89.0;77.0
3748;89.0;52.0
3749;68.0;101.0
3750;20.0;-33.0
3751;103.0;48.0
3752;5.0;58.0
3753;22.0;33.0
3754;71.0;47.0
3755;38.0;45.0
3756;109.0;83.0
3757;69.0;8.0
3758;45.0;17.0
3759;69.0;27.0
3760;69.0;46.0
3761;45.0;80.0
3762;95.0;26.0
3763;77.0;17.0
3764;30.0;20.0
3765;39.0;81.0
3766;76.0;50.0
3767;84.0;43.0
3768;99.0;35.0
3769;42.0;11.0
3770;41.0;24.0
3771;49.0;37.0
3772;88.0;19.0
3773;83.0;57.0
3774;40.0;21.0
3775;64.0;30.0
3776;139.0;1.0
3777;66.0;5.0
3778;9.0;43.0
3779;33.0;74.0
3780;34.0;14.0
3781;33.0;37.0
3782;58.0;44.0
3783;32.0;31.0
3784;60.0;82.0
3785;110.0;64.0
3786;25.0;1.0
3787;49.0;19.0
3788;87.0;77.0
3789;69.0;52.0
3790;90.0;67.0
3791;21.0;34.0
3792;49.0;58.0
3793;68.0;37.0
3794;5.0;57.0
3795;40.0;25.0
3796;57.0;75.0
3797;103.0;43.0
3798;68.0;49.0
3799;51.0;69.0
3800;38.0;41.0
3801;116.0;77.0
3802;36.0;98.0
3803;95.0;47.0
3804;107.0;115.0
3805;38.0;81.0
3806;85.0;57.0
3807;117.0;-18.0
3808;44.0;87.0
3809;67.0;63.0
3810;54.0;42.0
3811;4.0;55.0
3812;81.0;49.0
3813;46.0;48.0
3814;117.0;87.0
3815;133.0;52.0
3816;6.0;-26.0
3817;129.0;46.0
3818;69.0;18.0
3819;71.0;81.0
3820;33.0;60.0
3821;48.0;19.0
3822;37.0;41.0
3823;86.0;35.0
3824;61.0;47.0
3825;72.0;58.0
3826;47.0;56.0
3827;13.0;82.0
3828;105.0;48.0
3829;7.0;57.0
3830;14.0;36.0
3831;69.0;31.0
3832;87.0;29.0
3833;14.0;44.0
3834;73.0;29.0
3835;62.0;60.0
3836;46.0;86.0
3837;17.0;21.0
3838;104.0;56.0
3839;65.0;42.0
3840;26.0;80.0
3841;5.0;30.0
3842;45.0;43.0
3843;110.0;62.0
3844;67.0;22.0
3845;64.0;39.0
3846;26.0;97.0
3847;44.0;23.0
3848;75.0;56.0
3849;118.0;-10.0
3850;32.0;102.0
3851;62.0;59.0
3852;58.0;65.0
3853;60.0;59.0
3854;126.0;-3.0
3855;77.0;49.0
3856;46.0;83.0
3857;16.0;-28.0
3858;31.0;15.0
3859;24.0;34.0
3860;123.0;35.0
3861;77.0;19.0
3862;62.0;78.0
3863;82.0;46.0
3864;20.0;37.0
3865;106.0;66.0
3866;86.0;52.0
3867;59.0;13.0
3868;15.0;34.0
3869;44.0;14.0
3870;81.0;55.0
3871;15.0;38.0
3872;57.0;92.0
3873;18.0;46.0
3874;50.0;33.0
3875;75.0;21.0
3876;13.0;89.0
3877;11.0;68.0
3878;12.0;50.0
3879;90.0;32.0
3880;61.0;81.0
3881;113.0;75.0
3882;63.0;101.0
3883;30.0;33.0
3884;81.0;57.0
3885;119.0;35.0
3886;36.0;44.0
3887;79.0;27.0
3888;14.0;-7.0
3889;105.0;51.0
3890;103.0;87.0
3891;37.0;50.0
3892;36.0;82.0
3893;26.0;44.0
3894;54.0;20.0
3895;40.0;73.0
3896;91.0;45.0
3897;11.0;42.0
3898;59.0;56.0
3899;110.0;-16.0
3900;65.0;87.0
3901;51.0;63.0
3902;91.0;75.0
3903;36.0;15.0
3904;35.0;94.0
3905;28.0;73.0
3906;76.0;34.0
3907;68.0;8.0
3908;126.0;4.0
3909;77.0;45.0
3910;21.0;26.0
3911;54.0;70.0
3912;82.0;21.0
3913;64.0;89.0
3914;14.0;18.0
3915;49.0;90.0
3916;124.0;-10.0
3917;23.0;18.0
3918;16.0;73.0
3919;80.0;36.0
3920;54.0;1.0
3921;71.0;57.0
3922;7.0;87.0
3923;71.0;20.0
3924;91.0;35.0
3925;58.0;51.0
3926;52.0;78.0
3927;72.0;65.0
3928;19.0;72.0
3929;5.0;68.0
3930;21.0;21.0
3931;75.0;7.0
3932;72.0;22.0
3933;108.0;73.0
3934;71.0;24.0
3935;75.0;23.0
3936;93.0;26.0
3937;77.0;3.0
3938;51.0;40.0
3939;58.0;75.0
3940;14.0;27.0
3941;80.0;68.0
3942;25.0;45.0
3943;120.0;32.0
3944;39.0;96.0
3945;29.0;14.0
3946;21.0;77.0
3947;47.0;84.0
3948;23.0;27.0
3949;75.0;48.0
3950;68.0;92.0
3951;59.0;20.0
3952;89.0;61.0
3953;103.0;81.0
3954;66.0;-8.0
3955;39.0;23.0
3956;77.0;48.0
3957;60.0;41.0
3958;14.0;50.0
3959;105.0;55.0
3960;33.0;45.0
3961;85.0;36.0
3962;50.0;13.0
3963;80.0;73.0
3964;6.0;27.0
3965;67.0;8.0
3966;99.0;42.0
3967;2.0;81.0
3968;54.0;24.0
3969;75.0;64.0
3970;78.0;84.0
3971;52.0;20.0
3972;73.0;38.0
3973;99.0;30.0
3974;42.0;31.0
3975;97.0;45.0
3976;48.0;43.0
3977;96.0;36.0
3978;4.0;48.0
3979;33.0;70.0
3980;15.0;76.0
3981;70.0;51.0
3982;59.0;67.0
3983;88.0;67.0
3984;64.0;66.0
3985;62.0;75.0
3986;93.0;43.0
3987;66.0;8.0
3988;54.0;54.0
3989;121.0;-25.0
3990;56.0;80.0
3991;76.0;68.0
3992;68.0;7.0
3993;72.0;20.0
3994;90.0;34.0
3995;42.0;68.0
3996;18.0;70.0
3997;141.0;34.0
3998;114.0;-11.0
3999;34.0;85.0
4000;75.0;8.0
4001;89.0;11.0
4002;27.0;65.0
4003;63.0;62.0
4004;70.0;-9.0
4005;73.0;67.0
4006;39.0;37.0
4007;42.0;47.0
4008;91.0;62.0
4009;49.0;44.0
4010;31.0;30.0
4011;115.0;83.0
4012;112.0;44.0
4013;78.0;15.0
4014;54.0;66.0
4015;49.0;70.0
4016;48.0;80.0
4017;16.0;32.0
4018;24.0;45.0
4019;37.0;31.0
4020;59.0;69.0
4021;75.0;61.0
4022;96.0;46.0
4023;84.0;24.0
4024;28.0;48.0
4025;43.0;66.0
4026;58.0;9.0
4027;24.0;27.0
4028;43.0;42.0
4029;27.0;66.0
4030;87.0;34.0
4031;49.0;42.0
4032;99.0;57.0
4033;36.0;60.0
4034;5.0;66.0
4035;83.0;32.0
4036;52.0;77.0
4037;63.0;16.0
4038;85.0;60.0
4039;44.0;65.0
4040;81.0;23.0
4041;36.0;69.0
4042;41.0;69.0
4043;79.0;22.0
4044;115.0;61.0
4045;17.0;76.0
4046;74.0;37.0
4047;35.0;28.0
4048;45.0;70.0
4049;87.0;38.0
4050;74.0;8.0
4051;47.0;33.0
4052;1.0;50.0
4053;93.0;31.0
4054;24.0;21.0
4055;5.0;50.0
4056;39.0;42.0
4057;52.0;84.0
4058;97.0;87.0
4059;29.0;42.0
4060;48.0;82.0
4061;51.0;79.0
4062;35.0;96.0
4063;57.0;45.0
4064;126.0;52.0
4065;153.0;-8.0
4066;24.0;50.0
4067;33.0;14.0
4068;36.0;46.0
4069;-21.0;114.0
4070;13.0;85.0
4071;103.0;57.0
4072;31.0;50.0
4073;33.0;3.0
4074;4.0;58.0
4075;112.0;-18.0
4076;35.0;39.0
4077;11.0;45.0
4078;30.0;71.0
4079;14.0;21.0
4080;27.0;35.0
4081;109.0;71.0
4082;74.0;35.0
4083;36.0;91.0
4084;73.0;43.0
4085;60.0;29.0
4086;51.0;35.0
4087;88.0;57.0
4088;18.0;75.0
4089;91.0;31.0
4090;34.0;29.0
4091;67.0;64.0
4092;61.0;88.0
4093;102.0;62.0
4094;33.0;21.0
4095;45.0;91.0
4096;12.0;-25.0
4097;13.0;31.0
4098;65.0;18.0
4099;37.0;87.0
4100;54.0;84.0
4101;103.0;95.0
4102;41.0;27.0
4103;42.0;12.0
4104;46.0;25.0
4105;45.0;48.0
4106;45.0;77.0
4107;7.0;50.0
4108;88.0;62.0
4109;90.0;16.0
4110;60.0;14.0
4111;39.0;41.0
4112;23.0;66.0
4113;-4.0;73.0
4114;45.0;41.0
4115;78.0;22.0
4116;48.0;65.0
4117;48.0;62.0
4118;105.0;107.0
4119;14.0;45.0
4120;56.0;33.0
4121;80.0;57.0
4122;47.0;32.0
4123;42.0;35.0
4124;95.0;33.0
4125;69.0;58.0
4126;37.0;55.0
4127;34.0;94.0
4128;37.0;11.0
4129;-16.0;113.0
4130;76.0;55.0
4131;-1.0;27.0
4132;70.0;15.0
4133;68.0;48.0
4134;76.0;45.0
4135;29.0;9.0
4136;46.0;35.0
4137;27.0;28.0
4138;49.0;85.0
4139;30.0;17.0
4140;69.0;24.0
4141;20.0;59.0
4142;28.0;53.0
4143;-4.0;33.0
4144;123.0;-25.0
4145;83.0;33.0
4146;132.0;12.0
4147;80.0;7.0
4148;31.0;51.0
4149;105.0;52.0
4150;45.0;18.0
4151;19.0;87.0
4152;9.0;51.0
4153;24.0;73.0
4154;41.0;32.0
4155;120.0;31.0
4156;63.0;56.0
4157;41.0;39.0
4158;32.0;30.0
4159;35.0;103.0
4160;48.0;3.0
4161;145.0;-6.0
4162;41.0;101.0
4163;130.0;31.0
4164;48.0;31.0
4165;66.0;29.0
4166;44.0;80.0
4167;120.0;-10.0
4168;42.0;64.0
4169;95.0;42.0
4170;120.0;83.0
4171;119.0;31.0
4172;68.0;39.0
4173;84.0;20.0
4174;81.0;21.0
4175;35.0;33.0
4176;67.0;58.0
4177;94.0;73.0
4178;29.0;59.0
4179;21.0;48.0
4180;73.0;-13.0
4181;41.0;95.0
4182;86.0;76.0
4183;44.0;71.0
4184;40.0;83.0
4185;42.0;59.0
4186;53.0;41.0
4187;25.0;54.0
4188;40.0;27.0
4189;106.0;83.0
4190;69.0;47.0
4191;31.0;92.0
4192;31.0;29.0
4193;68.0;24.0
4194;70.0;18.0
4195;6.0;58.0
4196;75.0;28.0
4197;85.0;25.0
4198;17.0;77.0
4199;46.0;63.0
4200;45.0;16.0
4201;73.0;53.0
4202;138.0;-2.0
4203;137.0;1.0
4204;9.0;32.0
4205;117.0;-15.0
4206;96.0;32.0
4207;24.0;71.0
4208;43.0;18.0
4209;128.0;67.0
4210;89.0;38.0
4211;69.0;15.0
4212;29.0;-3.0
4213;74.0;3.0
4214;15.0;48.0
4215;63.0;79.0
4216;98.0;31.0
4217;153.0;46.0
4218;99.0;43.0
4219;44.0;74.0
4220;38.0;56.0
4221;66.0;74.0
4222;54.0;85.0
4223;61.0;41.0
4224;93.0;9.0
4225;91.0;46.0
4226;61.0;101.0
4227;69.0;73.0
4228;45.0;66.0
4229;88.0;75.0
4230;54.0;49.0
4231;59.0;-3.0
4232;70.0;48.0
4233;83.0;37.0
4234;123.0;33.0
4235;66.0;44.0
4236;65.0;58.0
4237;17.0;41.0
4238;26.0;35.0
4239;50.0;16.0
4240;93.0;68.0
4241;31.0;27.0
4242;77.0;57.0
4243;89.0;63.0
4244;37.0;64.0
4245;75.0;44.0
4246;30.0;52.0
4247;59.0;1.0
4248;34.0;65.0
4249;41.0;75.0
4250;27.0;83.0
4251;45.0;13.0
4252;27.0;41.0
4253;3.0;40.0
4254;58.0;45.0
4255;41.0;26.0
4256;21.0;66.0
4257;62.0;94.0
4258;50.0;14.0
4259;73.0;-22.0
4260;48.0;2.0
4261;98.0;61.0
4262;74.0;40.0
4263;56.0;67.0
4264;48.0;39.0
4265;147.0;-8.0
4266;46.0;66.0
4267;94.0;46.0
4268;65.0;-8.0
4269;64.0;75.0
4270;39.0;35.0
4271;20.0;18.0
4272;100.0;33.0
4273;73.0;-3.0
4274;49.0;24.0
4275;102.0;74.0
4276;40.0;90.0
4277;31.0;55.0
4278;32.0;84.0
4279;87.0;32.0
4280;-1.0;28.0
4281;64.0;12.0
4282;1.0;46.0
4283;71.0;13.0
4284;19.0;30.0
4285;37.0;100.0
4286;18.0;-39.0
4287;52.0;27.0
4288;12.0;-26.0
4289;62.0;9.0
4290;27.0;71.0
4291;79.0;68.0
4292;63.0;84.0
4293;86.0;56.0
4294;53.0;14.0
4295;101.0;10.0
4296;6.0;-32.0
4297;133.0;30.0
4298;151.0;59.0
4299;36.0;35.0
4300;35.0;32.0
4301;48.0;75.0
4302;79.0;66.0
4303;47.0;97.0
4304;52.0;9.0
4305;69.0;59.0
4306;73.0;26.0
4307;36.0;92.0
4308;5.0;71.0
4309;45.0;68.0
4310;99.0;45.0
4311;15.0;85.0
4312;138.0;6.0
4313;20.0;71.0
4314;79.0;10.0
4315;26.0;60.0
4316;32.0;34.0
4317;100.0;52.0
4318;34.0;64.0
4319;61.0;82.0
4320;78.0;53.0
4321;65.0;14.0
4322;33.0;42.0
4323;5.0;74.0
4324;45.0;63.0
4325;22.0;31.0
4326;77.0;35.0
4327;26.0;56.0
4328;21.0;64.0
4329;64.0;36.0
4330;25.0;26.0
4331;51.0;59.0
4332;78.0;33.0
4333;33.0;73.0
4334;90.0;58.0
4335;19.0;48.0
4336;89.0;47.0
4337;101.0;107.0
4338;34.0;73.0
4339;100.0;60.0
4340;9.0;87.0
4341;90.0;53.0
4342;23.0;41.0
4343;109.0;-19.0
4344;72.0;59.0
4345;65.0;92.0
4346;101.0;51.0
4347;93.0;79.0
4348;20.0;40.0
4349;80.0;13.0
4350;61.0;85.0
4351;111.0;-22.0
4352;117.0;-19.0
4353;120.0;36.0
4354;43.0;57.0
4355;41.0;54.0
4356;55.0;48.0
4357;16.0;44.0
4358;99.0;46.0
4359;31.0;66.0
4360;88.0;26.0
4361;11.0;85.0
4362;57.0;66.0
4363;9.0;46.0
4364;100.0;90.0
4365;34.0;36.0
4366;22.0;26.0
4367;90.0;46.0
4368;15.0;67.0
4369;92.0;64.0
4370;84.0;19.0
4371;61.0;44.0
4372;15.0;52.0
4373;53.0;21.0
4374;97.0;88.0
4375;82.0;32.0
4376;29.0;44.0
4377;96.0;33.0
4378;49.0;21.0
4379;36.0;1.0
4380;71.0;84.0
4381;32.0;49.0
4382;52.0;86.0
4383;96.0;64.0
4384;98.0;42.0
4385;117.0;-16.0
4386;34.0;63.0
4387;52.0;73.0
4388;19.0;37.0
4389;43.0;44.0
4390;80.0;26.0
4391;107.0;84.0
4392;97.0;32.0
4393;43.0;9.0
4394;29.0;74.0
4395;42.0;53.0
4396;89.0;18.0
4397;61.0;91.0
4398;62.0;50.0
4399;137.0;0.0
4400;71.0;75.0
4401;41.0;13.0
4402;69.0;89.0
4403;81.0;48.0
4404;42.0;25.0
4405;26.0;45.0
4406;127.0;67.0
4407;44.0;97.0
4408;26.0;21.0
4409;53.0;46.0
4410;5.0;31.0
4411;107.0;79.0
4412;82.0;23.0
4413;15.0;68.0
4414;24.0;43.0
4415;27.0;32.0
4416;25.0;19.0
4417;59.0;25.0
4418;115.0;86.0
4419;73.0;-11.0
4420;63.0;32.0
4421;49.0;13.0
4422;78.0;30.0
4423;23.0;82.0
4424;56.0;17.0
4425;61.0;51.0
4426;51.0;88.0
4427;102.0;60.0
4428;23.0;69.0
4429;38.0;19.0
4430;77.0;25.0
4431;60.0;65.0
4432;13.0;60.0
4433;66.0;43.0
4434;27.0;44.0
4435;74.0;29.0
4436;51.0;92.0
4437;39.0;15.0
4438;55.0;33.0
4439;41.0;100.0
4440;129.0;40.0
4441;0.0;27.0
4442;23.0;24.0
4443;78.0;43.0
4444;77.0;88.0
4445;56.0;91.0
4446;97.0;67.0
4447;16.0;34.0
4448;28.0;76.0
4449;82.0;37.0
4450;28.0;31.0
4451;32.0;28.0
4452;40.0;91.0
4453;59.0;51.0
4454;105.0;57.0
4455;129.0;2.0
4456;98.0;23.0
4457;85.0;37.0
4458;13.0;15.0
4459;63.0;83.0
4460;40.0;93.0
4461;123.0;38.0
4462;102.0;55.0
4463;40.0;28.0
4464;27.0;86.0
4465;71.0;65.0
4466;82.0;22.0
4467;126.0;-14.0
4468;40.0;96.0
4469;26.0;23.0
4470;129.0;-25.0
4471;99.0;39.0
4472;37.0;52.0
4473;149.0;-10.0
4474;33.0;68.0
4475;107.0;70.0
4476;27.0;24.0
4477;47.0;87.0
4478;29.0;65.0
4479;56.0;56.0
4480;106.0;97.0
4481;62.0;62.0
4482;38.0;55.0
4483;117.0;-13.0
4484;59.0;82.0
4485;15.0;42.0
4486;60.0;58.0
4487;59.0;9.0
4488;123.0;-13.0
4489;36.0;75.0
4490;5.0;36.0
4491;125.0;29.0
4492;71.0;2.0
4493;53.0;40.0
4494;62.0;66.0
4495;70.0;44.0
4496;17.0;78.0
4497;92.0;24.0
4498;133.0;29.0
4499;77.0;13.0
4500;59.0;65.0
4501;80.0;70.0
4502;89.0;91.0
4503;19.0;39.0
4504;23.0;-7.0
4505;32.0;44.0
4506;41.0;21.0
4507;3.0;35.0
4508;10.0;78.0
4509;40.0;26.0
4510;73.0;68.0
4511;25.0;12.0
4512;75.0;42.0
4513;65.0;11.0
4514;88.0;91.0
4515;46.0;91.0
4516;61.0;33.0
4517;68.0;35.0
4518;90.0;91.0
4519;67.0;25.0
4520;78.0;82.0
4521;58.0;26.0
4522;76.0;14.0
4523;89.0;39.0
4524;62.0;67.0
4525;103.0;17.0
4526;-16.0;117.0
4527;97.0;85.0
