COORDENADA_X;COORDENADA_Y;HORARIO;DESPACHO;ATENCION;DERIVACION;CLUSTER;HORARIO_EN_MINUTOS;DIA
18.548280405026333;-32.7539157184565;07:51;9.95965170376497;39.20173189924088;24.10808138836176;9.0;471;1
26.961439840168243;-23.952193752950063;13:17;1.66752521008813;11.169179593583332;28.101674079575663;9.0;797;1
24.33017196715686;-0.3080333164972622;15:43;2.814705282189696;16.19636044230282;18.800603560857724;9.0;943;2
29.648768322731897;-15.601216881162454;09:20;0.7550752115003678;5.86025148447902;6.363490735917175;9.0;560;3
21.87656530612373;-22.678588108509015;17:25;2.0214946411847623;11.580628253313522;7.293160514052878;9.0;1045;3
22.33914864686989;-28.246665571894773;14:40;2.799294499975213;11.254740780709875;10.923037939802002;9.0;880;4
18.823098811046133;-39.66447169441432;12:05;2.901087349457516;4.63289403000292;7.359799476260895;9.0;725;5
26.78215923780912;-25.53462201611935;16:16;0.7736358252168798;6.987418029404726;10.953713179263673;9.0;976;5
17.57179237637187;-17.300447207644208;19:23;1.3224124229169332;17.775969031712513;8.295041066920481;9.0;1163;5
22.796660481592102;2.13044259977238;09:56;7.123146259830111;32.89498454341981;12.292001236003022;9.0;596;7
19.07044956938929;-22.707704844646724;11:03;10.373293031042229;10.042813173760374;8.812907495247917;9.0;663;7
22.219529502376155;-8.732998621019547;11:15;2.4624242535938814;13.036398745435491;17.638478293299073;9.0;675;7
25.714625017310027;-24.40443592064485;11:17;2.1358034583279237;9.51594465845966;3.9029035839506823;9.0;677;7
16.22572522473802;-24.702685842429428;17:35;2.228202092405489;27.00827292457274;10.669671689682527;9.0;1055;7
5.242332577322292;-32.91640753799699;14:53;5.113409048764114;16.67002746631139;23.81631871853279;9.0;893;8
12.5056061117874;-28.518010108429426;10:04;4.207147188890495;7.182952898142794;4.479022738698103;9.0;604;9
15.448513645046363;-17.102315664299013;11:43;3.900120058758816;38.81535573738776;12.65214506487391;9.0;703;9
29.21009090748745;-12.082040113838293;12:05;9.619358760072632;26.316034375616194;5.686755094559979;9.0;725;9
13.153721978866626;-36.94070278607808;07:04;6.248637215473061;18.744897894230675;5.2849076454298425;9.0;424;10
16.512219760707502;2.732809203049364;07:17;4.9013984756189934;7.370148536304797;15.189517351520978;9.0;437;10
3.72067261968831;-25.3182734639038;07:52;7.116330223302461;26.17588514983196;6.973684447927537;9.0;472;10
22.37030504407383;-22.906192052592207;10:11;3.897513168750721;28.360506711954063;4.376941272492139;9.0;611;10
32.773487867266624;-12.866537943021289;13:02;2.2581679459500554;8.007991696891143;9.61815911809768;9.0;782;10
19.692746078572167;-28.54165162142828;19:17;0.7817036631560667;32.07162416939658;16.16718759934258;9.0;1157;10
7.0447042112849605;-25.067722368566905;17:18;2.1566994120590715;23.08682226855965;12.01426220676172;9.0;1038;11
25.889266047501124;-3.766965749943076;11:13;5.833932515881208;5.943289381146861;3.217781085153298;9.0;673;13
19.088831033309614;-25.28758060769028;08:11;4.039094743915818;33.44313366750048;19.178893880293604;9.0;491;14
10.343545757479069;-22.180703622057177;08:25;1.927718798117742;38.01484998641519;17.504756261455434;9.0;505;14
14.528489577258943;-34.61012792674585;20:01;1.261573475697225;26.165403350389333;8.455864788061067;9.0;1201;14
23.005417060527943;-33.20155673590797;19:20;3.6268506391477486;4.476081004678038;12.287412097563358;9.0;1160;15
3.682914916666373;-23.98490447101577;13:48;0.7965362457856104;4.89695218617347;17.050536087564936;9.0;828;16
10.94603794816632;-21.22788978695276;15:00;4.106002802408034;36.6074316750812;4.822711697981296;9.0;900;16
7.245582598368053;-24.57144699164069;08:37;1.3982793592369618;23.24549450700018;22.45832100362839;9.0;517;17
23.52449636346492;-11.26476945635364;11:08;3.143562476064872;28.9024740796319;15.13773523036047;9.0;668;17
22.895691696810708;-19.90078109477964;17:24;4.538912695106467;33.13422436762601;9.055173579033085;9.0;1044;17
17.349702969537653;-19.70061459252673;10:32;2.040367704823052;20.036325335434967;19.9347992341684;9.0;632;18
13.880301141677087;-4.774920614530306;16:22;0.7140037221648967;10.451887322884712;8.372622088079444;9.0;982;18
15.86213411841797;-27.788463228614383;08:17;6.268827141612408;4.91059196787923;21.36646988524264;9.0;497;19
16.364599413128357;-18.451080518761867;16:45;2.3689815617890275;29.490273259550563;5.943241271094065;9.0;1005;19
22.768791341359467;-18.031617464538208;13:06;8.740176680271956;36.073447279364025;3.96554982264486;9.0;786;20
16.698165317433755;-25.4410957992272;14:23;3.30715244309094;10.558010808158135;15.613088204346807;9.0;863;21
18.45552813023248;-33.879109802830875;12:01;13.009424096301313;18.593463265489103;14.631398048030189;9.0;721;22
15.1056902961908;-3.3796588869518267;14:25;10.480598895580734;11.966437277473403;14.479770846480484;9.0;865;23
10.722983226185484;-28.458883449428946;23:44;3.3479731750253245;20.314725346777447;9.388651203414971;9.0;1424;24
19.411010649844176;-26.52834210158846;08:49;7.066226456855527;6.512401772420649;9.099601467515336;9.0;529;26
24.316200481378008;-17.141734894138978;15:45;0.7162346120931428;13.940955870032427;4.832590783660674;9.0;945;26
11.039055104900548;-23.37708480282369;00:32;7.239516639997208;31.646593422894988;13.386563577022798;9.0;32;28
13.92137528500478;-28.496327375527507;10:35;2.94500923737494;8.798360698891948;17.43530107018984;9.0;635;28
26.275089711123435;-27.44015111154623;08:18;2.2687675920389903;7.601083957891267;13.03238008181068;9.0;498;29
3.872934824068871;-29.02412097444079;13:59;1.0496100225902605;12.69841777084657;5.419110297932068;9.0;839;29
21.654051719061204;-28.244813821385318;15:10;1.3242119585525551;4.610160074717067;9.915600878422376;9.0;910;29
16.662547460618125;-18.626732474473016;19:41;1.305272824811175;8.840337612713434;6.99098263831189;9.0;1181;29
8.14801907466281;-24.56820612506658;10:19;0.6286061267939631;26.870171165846887;8.830959237269687;9.0;619;30
24.788015995086063;1.4752981544832586;11:44;0.9890531980529076;14.30766513639859;5.849455432708277;9.0;704;30
16.342209231268406;-19.61280947958648;12:43;10.783894182727089;15.235944509997934;16.76342670414779;9.0;763;30
5.316406910634621;-29.503521879472537;12:05;2.3221911532445785;12.571064016487272;13.00124943725612;9.0;725;31
21.31401965036508;-25.38331685816433;16:07;1.089832553399678;27.811306149360743;8.054311214829763;9.0;967;31
28.490929255173164;-1.5831295394416325;09:12;1.1105820807770077;12.28136202383432;11.082326543333185;9.0;552;33
13.43169888701232;-25.643716628512166;10:09;1.658653225951088;26.678959131197928;14.2024283871066;9.0;609;33
12.093938198708791;-21.256910284338517;05:46;2.005425507816861;14.576640235722476;5.4830894140155255;9.0;346;34
11.00034361935409;-29.0787276308496;09:53;0.8133037398496124;6.401110946038582;21.402011151221835;9.0;593;34
3.3811875465615504;-34.30212721797223;09:57;0.657629197676123;19.92649931656032;5.034980488655997;9.0;597;34
19.774626252681344;-25.68596724869823;16:18;0.965770359623104;6.192653798790824;5.806492032613485;9.0;978;34
22.49350916624112;-22.5354481865967;08:58;3.4289220142394043;12.394904564122667;8.607292595366886;9.0;538;36
22.09521929241681;-25.032582369558455;11:35;7.6077919195466865;11.154521158578712;6.623585457976113;9.0;695;36
12.963441435870712;-22.43664244991649;12:32;3.855546758469436;4.349848003148082;3.6712836078568047;9.0;752;36
20.743118582488428;-31.854494700708912;07:26;4.378768267353661;10.430670472613134;15.329183767479744;9.0;446;37
18.413463838939077;-23.60612555943612;11:56;1.5369446234773931;6.384251738983655;9.226771074829454;9.0;716;37
17.972361166331176;-4.317602895684576;13:16;0.8760256768721498;5.776346718160659;13.63129494846454;9.0;796;37
3.8751623463285703;-30.00007098417123;15:35;1.4269040107986626;30.08601746411901;8.855159977901781;9.0;935;37
18.47228482456335;-39.64469350849015;21:11;0.9940056456790852;23.87105162990256;20.06498268588813;9.0;1271;37
18.728677530409925;-27.28998887751085;01:11;2.557858131183223;10.953406516562907;10.587359382862472;9.0;71;38
20.87017201623911;-1.2341512066674123;12:36;5.740800695638097;12.704108803004832;13.788973315086526;9.0;756;38
15.23086471289947;-39.794055580533126;17:59;1.375847655219791;31.621060543271483;9.31890402735747;9.0;1079;38
19.893657230736032;-25.7460922729435;09:05;0.9484526936564296;16.686039324316308;25.32166452272;9.0;545;40
8.903076984167162;-25.00982423090428;10:58;2.5130909394794845;19.86216607854003;7.921536698549559;9.0;658;41
8.448706208980377;-26.47281060574224;16:12;3.5795914470553045;4.766742056007714;11.207836608234055;9.0;972;41
10.826970639838423;-20.972490354837664;11:34;8.942257017547107;26.59724240924565;22.055070992785307;9.0;694;42
27.441249519415244;-13.884463736157269;11:44;10.555037930102875;12.657776768110397;21.269767672803187;9.0;704;42
22.662602575694493;-21.85371859148479;17:03;5.406594152646553;31.515972752089347;8.473436724544401;9.0;1023;42
16.663865507341967;-30.367543921626115;19:59;9.007471007275344;15.481647950968076;13.411925400024504;9.0;1199;42
4.8632823634187705;-36.7647354300148;08:32;4.749214034472856;13.852179722651805;6.965820653105056;9.0;512;43
16.038559766256316;-27.853590385855565;16:44;10.476050142583071;13.110012018513885;4.515649580830482;9.0;1004;43
26.428048269669333;-17.751345697322513;19:42;12.327034546261894;34.33385546632043;29.565223246361988;9.0;1182;43
11.503094725715096;-29.830464842496504;14:49;7.600761785892718;7.232464719982655;10.864638203053271;9.0;889;44
22.005611665100112;-31.945001843593747;16:00;13.790904867097522;14.92207229206898;10.556968042586174;9.0;960;44
23.745093283258168;-27.617252765109257;17:13;2.820257105955058;8.298931702134634;15.02543449030378;9.0;1033;44
20.607373369421595;-23.608466920888805;22:00;2.8637901012698475;14.195056546860233;15.394699756907428;9.0;1320;44
10.213834042692667;-27.865057047667428;17:08;1.9606558503430345;12.810211766772614;14.87468609649678;9.0;1028;47
30.35268827352027;-8.797748478047856;03:59;3.129875050064339;36.82843977753503;5.888815296839946;9.0;239;48
23.46663755395552;-32.63797189734285;12:13;6.055171411616273;25.541510010899557;12.496790763267365;9.0;733;48
16.304458376414132;-22.70249514017042;12:12;10.001359045202369;9.397852149240505;8.46373155522612;9.0;732;49
26.39220997925377;-6.437214347578809;12:47;2.755456990312117;4.709297667982188;7.1172236105627285;9.0;767;49
13.194907305720218;-22.29613999123583;19:29;3.371329144700715;11.202345044729803;6.321902559117335;9.0;1169;49
17.358236981725554;-2.5646445686503725;07:39;1.499887729034376;20.018623417832355;19.161967543892004;9.0;459;51
16.83118553079978;-35.256898056165795;19:27;1.3324672688524688;15.437095517413477;4.426611314613183;9.0;1167;51
24.809896401660914;-22.114596278153105;10:34;11.68250641968553;9.260116826604715;6.858275565535838;9.0;634;52
23.292275461856377;-22.41042821211908;12:23;1.9440852999518732;13.478622314262216;11.723083370685195;9.0;743;52
20.413222821214354;11.526286296613392;12:02;4.893218964012453;11.013642741133594;15.220590966970482;9.0;722;53
5.579093066716567;-22.119687415936344;11:45;4.68082339094337;11.198725588291412;10.355677445957152;9.0;705;56
17.416892538552027;-39.644121707906606;12:41;5.460531265581044;39.5985556211344;7.559290034548248;9.0;761;58
20.486523858708377;-21.688406685777476;15:30;1.0436765315775256;5.263644254263119;6.9548117336078175;9.0;930;58
18.55014713144129;-25.486490697500592;22:57;3.098401975656764;10.709430767407175;15.988382610562512;9.0;1377;58
22.199694797559808;-3.066948224198377;15:15;5.029860325824144;26.582930956242404;9.51971028130018;9.0;915;59
20.748527510042088;-6.283985001181772;16:44;0.9991539239665864;33.10929551745188;3.198580136083714;9.0;1004;59
15.978946577114126;-30.98112860552398;16:57;3.4000995880741063;25.344476645657554;28.637590679258278;9.0;1017;60
17.7063481093939;2.9521732922644297;16:31;3.580193484654749;20.4976925586162;4.323055039934152;9.0;991;61
6.433599989333633;-33.63808939846127;15:37;7.052137518040222;10.194635653527264;5.520871618545977;9.0;937;62
15.74527314899786;-21.970851417373748;22:43;6.685222909297102;21.77079308356488;4.67736564500899;9.0;1363;62
30.702835544305977;9.230163303557667;17:11;1.2256128618318298;18.896114190859496;8.678190940584201;9.0;1031;63
8.68776771569198;-29.912901535265007;12:20;7.338361194058553;34.03449650741065;22.67372412159132;9.0;740;64
14.968488927394016;-40.32689307013231;15:35;2.4419856731191265;9.102646240496147;5.906490801689992;9.0;935;64
28.60514931988427;-21.772592436633897;09:20;6.301163605515396;12.474459529436322;3.2812327450866983;9.0;560;65
20.11156893305762;-28.177550562052357;11:57;2.176192138206318;10.303801813768064;5.285764911307957;9.0;717;68
12.55313286962725;-7.192687490180841;16:41;4.461110976472047;4.4701926744999625;3.8955942397394288;9.0;1001;69
23.668359334650308;-18.03603835214787;10:20;3.773502358155818;11.785006406023818;26.33097631799924;9.0;620;70
12.99224256887433;-21.63236126694344;14:03;5.8074036791106;31.89740282882945;6.910778051770311;9.0;843;70
30.897573616212235;8.378962622313404;19:21;1.7933037229672375;4.824515966819511;5.878127921089109;9.0;1161;70
15.385743195067056;-26.647912618374164;09:27;1.492936778437148;11.454127736611088;6.672311837385561;9.0;567;73
27.73731662515071;-1.1617797570538606;09:46;7.420028418375514;7.807588455690402;11.1762738307813;9.0;586;73
15.81928258474908;-4.8952114053987685;11:31;1.497665630873479;29.344486444247835;21.75545075747487;9.0;691;73
39.98126213340531;-0.3232549685037256;19:31;4.808867677289214;12.5038411870673;13.254965788085917;9.0;1171;73
23.562365466165197;-21.756573698906536;20:17;5.862604884468393;11.88208990278311;11.810168263709478;9.0;1217;73
31.63335729193625;-10.739068716863226;09:35;5.328310349678482;25.49014454018763;11.893089162039464;9.0;575;74
10.437831179343174;-31.95849782273084;10:47;0.686250807330786;27.06356914425844;18.42223213385649;9.0;647;74
13.206809502294334;-24.528431978623487;10:10;6.740014510276007;16.392512537150125;12.583157830225057;9.0;610;75
32.93982954147977;-13.636978705470629;17:36;1.053886789857464;6.938659946866965;6.198236832726237;9.0;1056;75
16.644266008084124;-24.39264483193998;02:19;2.931784759810491;4.352476031280611;5.896973213929259;9.0;139;77
26.026921082750363;-17.85734905875708;09:03;7.364709674617702;22.78714636397162;6.133862727166632;9.0;543;77
8.729895719670528;-26.970676250737167;07:31;2.104443378760978;6.289657860581049;16.304758733106727;9.0;451;78
23.010431881689517;-19.700477775551946;09:44;5.123477440839402;8.677785000135474;11.89673276831789;9.0;584;80
27.665176472233604;-12.62087668097882;11:46;1.0499712546116862;16.413756820663053;8.855092511763736;9.0;706;81
19.97824953096616;-38.56125466501063;14:52;1.0691266587802526;9.056153733002365;16.4364481767868;9.0;892;81
4.454518410246422;-29.807223578983837;06:48;1.3651438667705071;15.2828127075554;12.537751894906297;9.0;408;83
20.778005396032206;-28.81928910971731;08:11;1.8841901920208928;22.770389398939848;4.284569334010838;9.0;491;83
15.170717663958955;-2.6395300037283143;09:08;2.596689248774735;10.907262183722404;10.274466679092829;9.0;548;83
20.31041228386887;-10.79538448783197;17:09;3.622351697599755;17.786665446972645;22.33337757967252;9.0;1029;84
4.6607261245854925;-28.97295337766829;17:25;8.999097598616535;5.957603363327318;14.233235618529754;9.0;1045;84
14.026124749535374;-20.665152318857825;19:18;6.40178035107915;4.272003080645386;18.608425181097942;9.0;1158;84
12.836353436513743;-31.456645379357283;08:40;6.492374465198136;22.400647322697747;25.774127482648478;9.0;520;85
23.767895508003317;-11.939179848032037;13:26;4.005152816899872;21.54958991938066;15.902579331406177;9.0;806;85
6.141888567542612;-25.804058818882176;17:23;2.622301451496885;24.97291106866314;7.079712498936333;9.0;1043;85
22.26452097588085;-19.118191773720937;14:35;7.628055828082714;18.7791765855808;8.779079168803902;9.0;875;86
12.57342094708987;-6.455068691462802;16:47;5.504906442299055;4.448157129933612;7.384716832854953;9.0;1007;86
21.722343130283697;-21.872838085509997;05:19;2.826061212107676;13.53350403425272;7.147031846508842;9.0;319;87
22.759092373685423;-31.417821276707908;07:36;1.7364377277209853;5.345155588740957;24.74716763714236;9.0;456;87
17.706946279662787;-6.683033107758483;12:24;6.5552962195145525;18.71572504549108;8.091262439652148;9.0;744;87
19.7823367188565;-23.27412012689903;08:48;9.393887730588034;21.621826996638312;29.394849354459744;9.0;528;88
15.65396251161996;-36.94987511645034;10:12;2.992798157490251;12.10445984646888;23.7418709538056;9.0;612;88
26.24536982498317;-22.563571676174742;12:12;1.117947746349353;7.121994799464494;19.202223323214536;9.0;732;89
28.94944144639234;-19.916587945087592;08:45;9.621928121473427;24.46457825272986;3.2695378335565373;9.0;525;90
27.740939836944573;-15.376063126363832;08:54;8.104271936109102;11.98958252298984;25.178602188113057;9.0;534;90
38.679032544117646;1.055890114221743;13:13;2.2246809585622622;40.47012770236964;6.885160948258911;9.0;793;90
17.257698928008356;-30.910675527981105;13:33;1.3247503170344088;6.210987503654267;22.592822565323413;9.0;813;92
20.18457839000621;-20.152795789872577;08:34;1.4760144604919712;17.154404714382977;4.189539773932799;9.0;514;93
25.22741287147977;-11.799815942492453;08:37;0.6846339021089061;13.026049748756607;10.403424198887263;9.0;517;93
3.0061179811667404;-25.291037091501614;15:45;3.5402550693395147;10.925323931456324;4.580401906527879;9.0;945;93
10.495395698556674;-23.05466442161236;09:07;3.02724373339836;22.259699944509915;9.846975766231772;9.0;547;95
12.177784958631936;-27.59401556292873;17:09;6.884854347424588;9.39243269267232;8.211893531477568;9.0;1029;95
15.782098043741549;-23.130787874901017;04:04;0.9395564290764324;9.951809863982696;7.491817389227045;9.0;244;96
24.38797437087275;-20.87216611855504;15:57;0.7831514975327796;9.1099775395922;5.891180300133381;9.0;957;96
7.625940975071488;-32.12937349223916;17:10;0.8857941763943983;12.051858606105288;15.18051885712939;9.0;1030;96
23.28037960776556;3.993617110631896;09:21;9.794128754431464;5.248752360654288;16.04655077846566;9.0;561;97
10.938018011899556;-30.96499206425784;10:48;1.1172852556598232;41.50800621424799;5.990767433990775;9.0;648;97
25.18779532581317;-11.045136155016264;16:01;4.805757758173394;30.96178536609174;5.462335827181225;9.0;961;97
17.303838980149973;-35.53476760534595;15:31;3.223824628819317;24.432342449116334;14.061997695085822;9.0;931;98
5.748386200722194;-32.34827119273331;16:24;4.907030462536722;6.4266090282432025;3.698556916598265;9.0;984;98
26.43634721477833;-26.107838533763907;17:51;2.419489654472877;15.762992299475174;11.104132802345545;9.0;1071;98
19.255134142028545;-12.273645968415227;18:34;4.815974981125258;5.671014182049342;3.640257290204973;9.0;1114;99
7.504637076061707;-28.884179214276333;14:53;1.0774709320360958;9.032664444795632;5.526626952120365;9.0;893;100
6.471749208106006;-31.010475941591004;20:32;6.077215607826868;8.68024367565994;6.4046742859467685;9.0;1232;100
14.110920389926482;-18.95661157186904;23:17;1.2961750171933175;27.529702068535947;7.127260441915315;9.0;1397;100
12.515867522321043;-23.38391552535152;23:28;1.569219242522233;17.30402170721613;23.0392699989578;9.0;1408;100
6.825976797462992;-33.15582131139203;07:38;3.523145447596225;23.414319855275775;26.357932964755623;9.0;458;101
24.802069690120856;-26.74428061088571;11:13;5.8076008129807954;5.531381164424162;20.103616541055025;9.0;673;101
18.937543464067677;-14.234939358375591;09:46;4.71014028095196;34.97241074323863;12.018724868274608;9.0;586;102
19.65620138402971;-42.69158816698956;11:53;2.862630130351155;11.410871294314394;9.045073977653002;9.0;713;102
14.18016303002952;-30.407780787361894;12:39;2.7019776750243776;8.143965969596422;25.34301739627993;9.0;759;102
33.00930289838851;5.324004052947053;10:41;9.623851651438862;11.726258529515611;12.431432667307828;9.0;641;103
19.65174570562631;-9.547741600217748;11:21;2.6182760081934155;11.682537732666416;17.282858770771327;9.0;681;103
19.43785764998031;7.654979665186275;14:52;1.726252108014963;10.025049667588547;13.565495941626844;9.0;892;103
19.6828842858545;-15.394925328387355;16:07;3.697845684980468;19.40009478148749;6.000625168221497;9.0;967;103
22.857787241664816;-23.78221454483424;11:03;6.237913566038026;41.232926112672935;7.815617859929293;9.0;663;104
8.116827271567214;-29.020026034591822;08:49;0.7273746886511276;31.75242533798394;16.561729477880686;9.0;529;105
25.661956618352413;-2.093491542722252;13:14;4.319061266571019;31.415684834104084;4.039627690331908;9.0;794;105
27.640671091665503;7.940834837273684;19:44;2.727453915770976;4.541643190278949;6.366954523346947;9.0;1184;106
20.223797970003613;-41.199358276619975;08:24;8.031445195231058;4.645887713936595;16.402819513224976;9.0;504;107
6.11628137147169;-34.21935616952126;10:37;4.03149376365695;9.943934931218806;8.286592246375044;9.0;637;107
14.684168997965912;-28.991731138095176;09:48;5.568956632107621;21.86916330784361;7.295595908659736;9.0;588;108
8.516885645749156;-24.12151553448682;18:04;8.11927332620476;9.566303273426843;4.159424927553101;9.0;1084;108
10.10226368857124;-22.546413888121023;13:19;2.34913553129665;20.438022672261667;17.544115044151795;9.0;799;109
7.29450286333771;-27.172958316397548;14:36;4.111500175773308;16.186113253885704;21.86565486954502;9.0;876;109
16.118340827929302;-21.138271965382238;16:20;2.74324307099877;28.48639598142021;13.034989099666117;9.0;980;114
22.57200492754684;-36.57088138459835;22:55;4.81698931639316;16.732887508669318;20.86446034429686;9.0;1375;115
16.69989771283131;-23.851421334201337;10:37;0.7224005878003561;15.10815282122761;3.687108129569393;9.0;637;116
21.36792322726037;2.0652225460587204;13:26;1.137609213877916;14.198147400222451;5.27944550636753;9.0;806;116
15.98756928332912;-17.680430241276756;16:17;2.22450020998717;13.585074333503671;14.894439030106597;9.0;977;118
22.705788728263776;-19.310794897010453;09:29;5.560317707776744;11.194166111149553;18.79182351778224;9.0;569;119
19.154459275244736;-20.169170344235503;15:10;2.8942815922371574;7.556983603545556;25.055793316041317;9.0;910;119
30.93356028563089;4.559040633271799;20:42;5.666418682697067;5.594928063655339;8.710975937296247;9.0;1242;119
9.884473252601367;-24.07500761307339;13:32;1.214713168770148;8.0009796759808;6.355000242383134;9.0;812;120
17.589782541208137;-29.070762012747917;14:01;1.190938940190275;32.92602718520064;6.433387183885866;9.0;841;121
12.486318431819525;-21.94991805832868;17:47;2.7906817161803232;14.21656140543731;3.8678092228437686;9.0;1067;121
17.739707681436727;-27.17108285905651;12:33;9.189583339037288;20.96644251289139;22.713598553305413;9.0;753;122
15.91753381087472;-40.97053972212095;18:33;2.860159298788332;11.405534536901452;5.760620421020785;9.0;1113;123
26.04011902985139;-19.191121699863466;17:28;1.0520112421452756;11.057757196366792;23.62844045996124;9.0;1048;124
27.63829519978636;-15.353923168994;08:07;2.7961418076364724;16.919324156999405;3.208123698511278;9.0;487;125
10.396625763881117;-21.054468175372374;16:42;3.7682788669248657;13.13998644743496;9.41234875640702;9.0;1002;125
18.18991101486232;-32.71371296771992;21:27;1.6414182651365674;30.291101922544247;13.330238715797922;9.0;1287;125
6.046393838952556;-34.10228048424647;10:15;1.045732536103607;16.231404497624553;16.48478716748128;9.0;615;126
21.87083035970937;-22.686365540008055;10:23;4.29597353232648;27.666659900473324;17.651711014094648;9.0;623;127
29.941585646763;-14.304601958624964;16:03;10.706002205679845;4.287277406687688;18.79007776071075;9.0;963;127
16.185097368626174;-17.945326698403516;09:07;0.6363421122444369;13.81500487938018;6.805731961270993;9.0;547;128
17.513173732905187;-4.999291698713048;10:58;4.825780960024277;22.027114404112112;6.072912772585878;9.0;658;128
33.84513878999888;8.945564491024522;13:34;7.678700978866496;15.044229604507462;15.817071102716572;9.0;814;128
32.73534308060476;-6.894528612776472;10:20;0.8459313676479384;31.18443289890008;7.765039494259081;9.0;620;129
7.964017491583085;-26.428735629893687;14:31;2.73654097478423;9.550068465069472;5.51572069233629;9.0;871;130
29.479685337582183;12.819051545879889;22:57;2.5308350384355984;5.383284414256723;6.103156852313805;9.0;1377;130
17.02168750891701;-23.478432418909108;12:33;10.831035775364038;45.62539828543894;11.775285626954345;9.0;753;131
23.581999201463653;-33.91599339387204;15:30;0.87805531776306;14.845831368048096;6.139172157558722;9.0;930;131
22.752685298985615;-34.239244551930724;11:46;2.739107048215572;15.389296668528411;4.451829280501406;9.0;706;132
7.622389373886666;-29.49445988716235;13:28;1.3075147022946498;11.274411690899855;4.52843579587967;9.0;808;132
20.11798957435677;-21.81201140996464;11:54;1.122395590732315;18.975717554660424;12.766712425616086;9.0;714;133
13.51184167536325;-31.77581770787186;12:25;4.217533170465275;19.426384149058297;3.982532568110162;9.0;745;133
18.03356286253124;-25.16044512405696;17:55;3.309315592606596;5.883108158452925;29.09833684829005;9.0;1075;133
32.52379529972677;-9.585693695788857;16:28;2.7156356094516814;5.304284801178403;14.256972302992716;9.0;988;134
15.693086962923475;-17.57295932796671;19:05;1.4386524042911322;10.855157278347477;7.477425487960259;9.0;1145;134
22.984552606974106;-6.613336367693439;10:14;8.499683456518403;26.72696858847631;15.163255148872263;9.0;614;136
21.98021234318733;-30.641114621412797;17:33;7.078606600336814;33.66579865425997;4.408355035800684;9.0;1053;136
20.172642012433112;-27.39335927085782;03:22;2.178134680132603;5.277712412135079;8.531176467216827;9.0;202;137
17.002104422378;-32.411325001924666;11:55;0.6547720267107764;9.665537533627027;3.977288180181672;9.0;715;137
21.886500073208257;-36.6083905632589;15:42;2.5304583591250345;8.665782202372775;12.677147874160418;9.0;942;139
15.552669724628126;-7.150857179683939;08:41;4.406919281145426;6.82117727501196;15.57598906967614;9.0;521;140
9.964170570200547;-31.033453907300864;09:25;1.3075976103204223;14.568264778912331;15.77537640477176;9.0;565;140
5.766678712941438;-22.89197131355546;13:22;1.184823795691311;35.636166678014845;8.901668288562014;9.0;802;140
29.20550007879552;4.985778909241105;10:57;5.810414225905936;36.29292671755877;16.26208569646037;9.0;657;142
15.723544178729073;-27.21539147368138;12:33;5.901152998551926;10.075368747184145;11.055057976861324;9.0;753;142
27.359256543027968;-18.77468271218889;15:14;0.8335295495345555;13.873482613417364;11.26590248861271;9.0;914;142
14.073741071858771;-39.21183306600796;18:54;3.255658278488109;29.464072150958867;4.881554197310105;9.0;1134;142
2.383866653235586;-23.58192328461137;11:46;2.32748678947947;12.897689259528;12.61289737700628;9.0;706;143
22.95710393705224;-18.580902315665902;10:11;4.766322399876319;13.952037264115877;11.072823242466994;9.0;611;144
15.018824520556771;-17.459540023521225;17:51;1.3611640267455574;4.965084744680026;9.33683601192383;9.0;1071;144
7.360436191091747;-21.331400734729066;18:08;3.79587215022537;36.121568873854855;7.62547147897056;9.0;1088;145
22.341128201465548;-14.936770569381371;09:15;4.599767399280821;28.927482070951555;16.083248637651813;9.0;555;146
10.061179032742563;-23.310936077778557;11:12;1.9296525352945173;19.162224120646272;6.027657772906553;9.0;672;146
16.36477979485731;-37.33783247855944;13:19;2.0995260193453937;10.07655014045692;11.10021087643739;9.0;799;147
28.196364475703565;-16.665702215933532;07:49;1.4447691470892052;8.097456507990838;8.688808436644091;9.0;469;148
19.338984660782096;-29.180790585031705;08:19;6.602490029459968;23.848212005581477;13.440093022991814;9.0;499;148
12.699347175880614;-26.386831947490958;18:21;1.900449203955624;13.039885679142252;9.070877883612493;9.0;1101;148
23.88611500925796;-33.100711052097274;14:03;3.054989826863383;23.343400298024765;3.7618998424173222;9.0;843;149
19.33995381604309;-22.93509699002737;14:32;4.318259106144585;16.637145653306227;16.00142424439261;9.0;872;149
10.000408290853668;-36.38713668653909;16:54;7.384955602309816;24.65841261685204;6.779752669999431;9.0;1014;150
19.92184822895259;-8.85938126204791;22:21;3.456228052810004;14.923459649147334;11.111428329037349;9.0;1341;150
12.827481442873776;-7.546959156615339;11:44;5.262217581452121;10.070381979666086;10.470800850715731;9.0;704;151
17.283837235498126;-17.912308103234782;12:53;4.013372530966705;7.608420305907567;3.87231549175541;9.0;773;151
12.118401374866629;-29.829616307535996;14:11;4.589594939731017;13.937727523572413;9.842734690155076;9.0;851;151
22.96880700645741;-15.67531204036396;17:42;2.5076590211353045;7.81281902150122;9.261168954842516;9.0;1062;151
28.622662730598897;-7.816289331661864;00:43;4.155696868655072;34.54722900250156;27.571590184282712;9.0;43;152
26.99791592606537;3.855496937590729;07:45;5.582578583434707;21.864626463202004;13.434202564498872;9.0;465;152
14.549147999528053;-21.544871114145696;10:19;13.662051771535518;4.859208776922787;6.727350881270456;9.0;619;152
23.092275410899155;-21.875836429768444;10:57;2.7004978675497497;24.078750749157628;5.9213801389748895;9.0;657;152
7.892143172791641;-23.835283735620145;19:34;0.6353456141496341;9.25367344852604;7.982775369789939;9.0;1174;152
21.746896694735312;-22.134120814050007;13:16;2.755880619860582;25.29995051493369;14.589437172572111;9.0;796;153
29.70768101639601;-7.421334585455954;12:25;0.8715269935060779;8.449935579818943;29.724726453147568;9.0;745;154
27.47755691173554;-2.003949378610155;14:39;1.9843640735528405;34.221700218632755;3.337978689595932;9.0;879;155
21.316874597315973;-9.14920572549251;08:44;0.7420580615073098;15.107817078876426;16.191856661405925;9.0;524;157
15.57243190096625;-26.98221874319275;13:28;9.7487258875559;12.217937182502125;5.189069768589088;9.0;808;157
16.899893412744056;-21.850867367414573;20:31;1.710354617014957;45.96029706584412;27.99768630547877;9.0;1231;157
19.90599931321103;-26.612718835606703;20:58;2.2303368709846145;25.87197490543252;9.950633229339592;9.0;1258;157
11.826545368429793;-32.86726337364243;12:07;3.474759860786243;13.015604199792376;3.330994619309068;9.0;727;158
19.211987122379483;-22.662429703440107;15:21;2.5312998739992385;10.555754652374327;13.994631557923103;9.0;921;158
32.508214265461625;-5.776221810400791;20:14;3.861279402260019;6.395024092446635;29.96770448732976;9.0;1214;159
33.420602939408845;-1.125625411792463;20:19;4.225122639051472;34.977074952125506;16.226471057931896;9.0;1219;159
13.57789513801555;-32.68623078112364;06:12;5.252209201321478;11.811120669494292;12.886701394821358;9.0;372;161
17.368142941166706;-20.350109472529724;17:07;3.369318683774093;11.428516486564394;5.839204036043322;9.0;1027;161
33.43130623102807;0.849558279463615;12:19;2.784800343197558;24.82775025065328;12.993272147247968;9.0;739;162
16.85818407096828;-18.12281526827587;17:09;5.532763779786351;7.091442751942393;14.625671202279875;9.0;1029;162
15.935812823586229;-21.108274777404763;12:19;5.318172754184018;20.528166540005152;19.053067325593087;9.0;739;163
17.60123746592089;-21.85931607161707;23:28;4.853139109858032;7.371415280135184;10.905663086146482;9.0;1408;163
38.73712504290159;1.3201267773900829;15:06;0.8056790751330223;8.300181712098311;4.494676589961016;9.0;906;164
26.894045151130463;-4.026920973065531;15:41;7.310187265096624;44.064135611564986;13.396268260875688;9.0;941;164
14.83844758748372;-20.249505343615365;23:40;14.107382730173322;12.553905900236012;3.987293269084751;9.0;1420;164
20.775338381058653;-27.14470083349306;11:15;1.2864222526167155;9.32095106871392;9.582229662180128;9.0;675;165
18.613397658241;-40.51834542056895;14:52;0.9388507049176252;7.998978786199411;9.98531439349787;9.0;892;165
24.528665543412693;-33.86144012125003;12:57;1.2626921401086086;11.476444597742464;5.910395940393651;9.0;777;166
16.810095446326677;-12.586903680533378;12:28;6.929021081969578;28.16475027155119;10.985287578521438;9.0;748;167
25.692944659654323;-17.880936839200583;13:00;6.158181877115871;8.411815184562188;10.050809208624056;9.0;780;167
15.5966693040064;-19.358529545065707;16:17;2.498407076958782;11.876175636111052;23.545798635422656;9.0;977;168
24.26841346304768;-5.040093741549431;04:10;3.4921901165125098;26.77424121364317;3.2837044079862494;9.0;250;169
24.88601206543422;-28.982713967992403;07:56;12.486222016346346;6.591362820249508;11.92653299604447;9.0;476;169
19.7728280619374;-39.9069480542578;11:45;1.7918089599331726;35.133171676429235;12.29829629781467;9.0;705;169
22.533384489758337;-15.82907007325037;13:32;5.21486058793095;17.159796886953693;8.250769983770045;9.0;812;169
20.782927877686117;-20.390216916158742;11:22;0.7673189294238786;17.668545855369086;27.65667878377392;9.0;682;171
18.91675349526321;-18.86182082537115;12:16;1.463195149151659;20.16631224134564;14.274188701297785;9.0;736;171
18.776270505012565;-11.291586651370286;01:20;0.665485324859919;12.890585004838028;25.67673301537512;9.0;80;173
30.757702969581523;2.590278928841691;09:49;0.6467308258967285;21.62466784779111;3.844393404064821;9.0;589;173
27.500240874847933;-7.380719766006536;10:54;1.0530797426253926;5.709696908520144;10.978762619439625;9.0;654;173
27.3940074769688;-12.515716030440442;11:18;8.68138112452476;34.66756411569769;17.85147984831517;9.0;678;173
33.6811101749483;-7.468617302126951;10:12;9.160785010880748;7.232877472580036;13.317089589074984;9.0;612;174
26.67440896716619;-13.038366864715826;10:32;1.4742477694968277;11.428606851466132;19.88449226739268;9.0;632;174
19.904034268419643;-20.635304576387828;19:21;3.026479592117535;23.15000309293431;25.32613020193192;9.0;1161;174
29.9013787398668;-13.35414081322695;19:30;2.551766945832535;4.325306488409439;11.73604569952906;9.0;1170;174
13.294222625107686;-10.158873372709776;17:47;1.6414248778137177;11.035536860337793;12.326279778033186;9.0;1067;175
23.210319962258744;-28.01004050240469;07:17;1.6765710577919122;6.127656253582639;3.485508457247273;9.0;437;176
22.15570630599103;-10.637949137840645;20:02;2.4367822719713383;12.593757925651037;7.224894473704277;9.0;1202;176
17.25323378306356;-29.36913928428245;23:33;2.9793796165827944;6.910169467734927;4.407373488043367;9.0;1413;176
19.11708161717486;12.766868669769494;01:29;1.7484634904064755;6.085993816610667;15.327018761632225;9.0;89;177
17.232532973737573;-28.07630102834741;13:11;1.140419777266044;4.320320816222488;10.711768578597098;9.0;791;177
18.416705092153958;-28.63506517354564;10:00;2.1577054236134936;13.66458366820411;9.530914833438468;9.0;600;178
16.89194155205882;-30.84501104467065;10:28;2.2565485480324603;6.4474522177604445;7.629749983830968;9.0;628;178
17.683874094062798;-24.428015441777504;12:13;3.2335641786449214;11.506127138691934;6.561161494755543;9.0;733;178
18.73226818092662;-3.869148579287877;07:29;2.163627784868647;31.132599554499823;7.56671761310065;9.0;449;180
13.901231721069252;-23.92005545246379;14:11;2.107394130006229;11.663136042983409;28.533717602495315;9.0;851;180
26.25359949672308;-22.303922797189497;19:30;10.194085460829315;7.991068423312009;4.811887684515741;9.0;1170;180
19.36430641727982;-15.17043095567663;14:56;1.918967032468504;6.039566660383544;7.694271199135829;9.0;896;182
25.6751661211429;15.30119432238947;17:59;3.288998899960076;5.793100735730654;12.543174896277549;9.0;1079;182
21.50508693622993;-26.640861544431772;05:00;1.2136265029274087;8.94119789240041;8.724384674760392;9.0;300;183
13.6356460134305;-32.71193186019505;17:46;1.184401561812589;5.669633262345158;4.708003317052323;9.0;1066;183
17.96256341063938;-23.871505226459497;09:59;1.3921254222410837;6.256955137882056;9.405746321461695;9.0;599;184
14.250283851825811;-8.48058007305956;10:25;0.6351225843712199;23.88438548150564;5.671308322925057;9.0;625;184
13.350096252758672;-10.916110618213002;10:44;0.8361753275428896;6.782616187249833;6.690204135455061;9.0;644;184
16.675861681446385;-15.926859025960043;10:48;6.160834455712358;6.9554611028549065;3.2138612557359614;9.0;648;184
31.377468450982526;5.350586656580868;13:45;8.472966611626294;14.960148899098426;9.53861182906867;9.0;825;184
16.202076841158387;-22.26169657321402;04:24;1.6045623120760664;30.085126320130748;5.010503320558279;9.0;264;185
16.278148067396504;-23.23973583227439;18:13;7.053910656879402;23.8666332297691;29.83101982059206;9.0;1093;186
39.5695633942902;-2.0180676682280265;09:42;6.851569389109169;23.38922277933632;3.582660305724797;9.0;582;187
18.173008194787595;-28.56716616692053;09:36;1.434184068085842;21.07266051058244;8.465541611166557;9.0;576;188
25.448534523858125;-12.546285584000294;10:00;5.554247880228521;34.47809609251696;20.450038516564963;9.0;600;188
22.71635758282584;-5.729680274872184;12:31;4.613739516707084;26.380590037821428;4.03711561881656;9.0;751;188
23.064213756806343;-35.51970544740455;14:06;2.789825102737592;26.169503686015176;6.391762827324126;9.0;846;188
22.2633315804027;-35.869076720234375;16:14;1.2402928877490815;41.58522389771656;8.932776590515783;9.0;974;188
17.39922645576293;8.211429400247525;08:31;3.5167014790412003;15.614144454040762;4.013010251745988;9.0;511;189
26.71498154909245;-20.56201046562103;10:19;0.9195817046765566;27.90615410150196;11.282833698084202;9.0;619;189
24.35488462564508;-21.027297099313323;10:30;2.9387862280643;6.727178100419663;20.45730732965722;9.0;630;189
4.876167284833485;-35.52679604411385;20:01;13.100951284259352;7.2398416392701295;6.513277237221536;9.0;1201;189
27.48958007567562;-3.284731505581226;22:35;3.5367240594190017;19.493615782257603;21.682316304676597;9.0;1355;190
20.465020355829694;-16.8358972780331;09:52;0.6504682556195743;28.34265933885281;13.030008579729117;9.0;592;191
15.493470557709182;-17.710906445253112;15:12;3.660625417010593;31.741686492658555;4.993835910030669;9.0;912;191
23.875225480593222;-22.681804181264923;12:42;3.59094144862114;12.812968146170467;7.627095504581845;9.0;762;193
24.40068322522552;-28.7358037110261;16:18;1.7988383426148482;27.01641555163401;4.514698673457066;9.0;978;193
19.47326436476448;-38.65495868127066;12:32;8.023761668737366;32.41583720203374;6.987765323775027;9.0;752;194
27.16542735217452;-24.03587711130927;02:08;8.816800899464454;31.235343792603;5.308182518556662;9.0;128;195
11.984281333322926;-30.92929111148952;10:30;4.251410613086715;26.473748647206897;4.507776636421454;9.0;630;195
15.13880253328384;-20.2123716450582;13:31;3.874383492564117;9.468692661947207;4.744524529067268;9.0;811;195
20.38487478496406;-14.082360204166047;13:44;5.566751421806198;4.559143314348524;7.83475173971537;9.0;824;195
14.920424088227572;-35.498482102903814;20:34;2.221945063914191;11.783419226589633;24.700604579208253;9.0;1234;195
37.55570555346987;2.8951355193512365;10:42;10.020579867916446;10.845107639909475;18.977495244008907;9.0;642;196
19.732215962418568;-40.166136594824586;16:49;0.7082755513963711;10.62364151691344;7.537263336388248;9.0;1009;196
21.71208682655208;-21.87195229122722;08:29;2.0199007237809457;12.47835553955985;16.494491779769792;9.0;509;197
20.15630329224031;-9.05194344495905;12:53;10.153964996429767;11.872172620908328;25.71084439121625;9.0;773;197
1.8198623010826616;-24.93910520217182;21:54;9.610678755859142;4.829838450372898;5.332008138148941;9.0;1314;197
16.3419107872864;-11.139352110539612;14:36;0.6274984162881828;6.989469828272902;3.593280511910466;9.0;876;199
22.22795808410745;-39.20158867752991;17:47;1.752003966332685;22.49188087550741;15.11479316247637;9.0;1067;203
21.37872848702345;14.128474160929024;12:00;4.592841134767007;5.245415081097977;5.489585462223465;9.0;720;204
27.184646557719446;-25.66541247650345;13:58;2.3387771095945995;27.821197104982687;5.910483555505773;9.0;838;205
17.256073935427278;-30.005614009706008;15:40;2.68107266902559;22.131583189197304;4.370339100109948;9.0;940;205
14.034755218332275;-41.52338478821872;18:01;1.382595398859042;16.237612409341068;20.178723885793723;9.0;1081;205
27.26027236917641;-23.46380508164504;18:25;4.372358047343484;21.38334655352042;8.77585445273114;9.0;1105;205
17.919808159742338;-6.944341321318749;15:43;7.815584524067011;4.496797651836423;6.388262211065625;9.0;943;206
26.549747636109;-16.465366355052204;16:04;5.786769111408502;27.916114437196864;12.049059647234904;9.0;964;206
12.302954024724391;-33.530239757975274;06:39;1.550867466176822;18.277201006613502;14.764745788603497;9.0;399;207
9.929852917063108;-38.10150129491322;19:55;3.872559609096384;25.979295001560605;23.629478994795868;9.0;1195;207
21.899089556264546;-8.41207402833452;09:35;2.002716944612572;14.667351991800755;10.03130387247576;9.0;575;208
6.55530035582149;-33.66823368038228;11:15;2.774331918210435;29.38367780965713;9.96240913626917;9.0;675;208
18.68254691418618;-29.33379013676541;13:26;6.862363139532582;26.404229214108863;3.7726226906080553;9.0;806;208
15.678098307924335;-11.692656248456084;08:29;5.76891680192757;6.479397812726415;11.336773671462868;9.0;509;210
3.0308325278761075;-25.051999199852773;17:10;0.7889953570641574;11.984195814761142;14.612956696328244;9.0;1030;210
15.743333564008813;-40.33954051721592;11:24;4.338025787855846;16.01939832462573;8.645985490415919;9.0;684;211
18.151577012968502;-29.51344069132193;03:42;4.16891079056225;8.851105708156048;9.234401433184342;9.0;222;212
14.239805225644798;-24.214670268900694;16:18;1.9831012517046056;15.748222237426392;3.4607406710250475;9.0;978;212
16.121411933293835;-23.777888275062946;12:21;2.9906789484562384;13.99436357636836;4.282791567991059;9.0;741;213
24.435836772510456;13.59509389064386;20:35;0.645337066744069;38.66168452632229;21.783403801611392;9.0;1235;213
22.226854108678307;-15.704607795556528;09:09;0.721181215670882;14.936159820791978;27.25485937590944;9.0;549;214
8.441471032446914;-25.24324555489109;09:39;7.900169735064955;14.562096735034476;9.893373340626791;9.0;579;214
18.306845404663427;-24.827922227052145;11:55;1.793545025007321;14.108328141104243;18.701176438477543;9.0;715;214
16.269880720439556;-19.89377922334629;13:55;1.043657417318962;27.527668230086157;9.112359091988424;9.0;835;214
21.884288422106536;-36.57308673502119;15:59;5.421095889634422;7.337204023672401;7.482687130676454;9.0;959;214
25.589983231410358;-28.42768742560707;20:50;1.22768754802874;38.97939414082406;16.138500534954737;9.0;1250;214
13.751200839910416;-31.84599268201098;11:12;1.2158606036469672;19.46686886096417;7.027889423818882;9.0;672;215
23.749364106480893;-21.886178386069474;12:57;4.852399036473369;4.288236312275036;7.955807283800209;9.0;777;215
25.03594735215981;-16.80380863135888;09:35;0.96609336788994;6.450554638538906;21.512264031880516;9.0;575;216
5.8693948097944535;-24.997520160200366;10:50;3.1826760537688874;45.525424646635294;8.78940423237728;9.0;650;217
9.186432514238486;-22.002214653345558;10:23;2.085833038836847;19.540492084169387;10.296000852680748;9.0;623;220
26.576558845320285;-27.00993346703468;12:57;7.097526282280677;7.297011499650861;7.684486916505381;9.0;777;220
15.16114909128685;-35.24281722095729;14:38;4.710443195713552;11.849228262160828;8.92149883689254;9.0;878;221
26.50420299050323;12.725557449362787;22:44;7.40724547190996;22.517999016563788;4.356642352631703;9.0;1364;222
17.252482982663643;-17.02150161416877;05:31;6.80142649305352;23.431926209926623;20.49117758489691;9.0;331;223
16.208458203715207;-16.32168686661162;13:23;6.720209922947578;10.75100405817272;5.960838798690826;9.0;803;223
8.848924917905038;-29.583137561255025;22:34;1.388535151121285;20.804149708981537;4.881461333787317;9.0;1354;223
33.753512264171825;4.829566095759169;10:11;1.9925821312615304;20.32669303184566;7.323783918236762;9.0;611;225
14.876005383790629;-31.78864154988885;15:39;11.907880254535408;7.004342575529916;18.75625541663793;9.0;939;225
19.76054640636874;-24.12288848764948;14:38;8.44478464873979;6.897126294007913;14.58808478612762;9.0;878;226
35.98064149714561;-0.9999414611972988;17:18;1.069814678431955;33.030273414201616;12.470047541703869;9.0;1038;226
15.995205121864323;-17.299584198849963;12:20;4.478537443744717;16.497127438204096;5.819559832086158;9.0;740;227
9.556968693276602;-23.338869894399693;09:44;6.580517117965204;14.762536295058908;24.99025034840768;9.0;584;228
11.463679016588294;-37.01589795166439;09:58;2.1516151963619103;21.1362416421082;7.21391832911486;9.0;598;228
28.702060036090337;-18.998597507748475;08:12;2.3031856387702647;10.87444587706789;19.431147998907303;9.0;492;230
18.15743010464997;-12.237379338665033;17:58;1.4529817589836764;8.413205549895679;23.02124488483884;9.0;1078;231
28.332465769835217;-11.887577776760242;21:29;2.164836456467239;21.710194990499552;6.9937943021851705;9.0;1289;231
20.12699092800117;-8.307939622004215;09:41;1.433730297407691;17.20820153388012;17.865372483177797;9.0;581;232
10.991903442908606;-22.839416595216974;10:34;0.7771472579226575;8.439560209760122;6.648819638837987;9.0;634;232
32.9240885268044;-3.5536645934626065;12:48;0.9100267309113438;6.658450013208798;19.50326898002824;9.0;768;232
4.4326059668582936;-24.62016434284825;14:19;1.9307947127262213;15.727662231579895;18.527441489661097;9.0;859;233
23.47203178864825;-22.41696528257976;10:41;0.6247866140255062;17.0487457693246;10.97794350856153;9.0;641;235
11.367833200798849;-6.3688396828942295;12:09;2.3190969973788302;14.089418577353776;13.623758384484614;9.0;729;236
23.401101008089714;-31.725714755943315;12:36;0.9756772767227052;6.884915137916147;12.63157676533462;9.0;756;236
21.30144548697344;-27.34499860419969;10:56;1.9255789503925729;11.970259428706772;14.00738490563744;9.0;656;237
21.11010284174859;-28.30020362602128;14:24;2.252510195668877;16.252068515202605;30.59880754210632;9.0;864;237
6.9192949088862505;-24.746460893433188;01:10;6.758679292910174;12.143232229895364;11.180671191330465;9.0;70;238
29.57513736409293;-13.085448890987054;15:20;14.182302158592549;15.284286478971664;13.288786916588606;9.0;920;238
12.241981859640328;-36.95835718802634;21:25;1.985156625601328;14.204867063723544;11.84415973290367;9.0;1285;238
7.1996795284713215;-22.10305894095449;16:15;9.174863111381402;8.552000452676767;6.191254319198427;9.0;975;239
29.73818956398314;-14.31122042203901;17:36;1.005233574567152;15.24010469578124;6.680900213912717;9.0;1056;239
14.088280994366448;-33.14278288708799;09:32;3.879731152741319;9.481474597021842;12.07271321462131;9.0;572;240
3.425818073864616;-29.154830050144653;20:26;1.3797712448668105;33.394963833070214;7.926440741499628;9.0;1226;240
11.310267420821376;-37.37250977939355;09:12;2.5619602145673395;40.33791285703993;20.480189990851933;9.0;552;241
32.62462496344713;-10.320467729001312;10:09;1.8706356496390717;29.975352982504717;5.7267524154970335;9.0;609;241
20.14050321535666;-32.95271007266915;11:00;3.235147545966843;39.61014091843699;4.959458178082064;9.0;660;241
6.653446024332787;-25.09135570285141;14:00;13.356636667565397;29.24151661939046;11.211128289211109;9.0;840;241
23.15469850027598;-35.48310019157236;14:51;2.559997909200978;13.542488393551112;8.881842438510212;9.0;891;241
10.002954748360295;-33.433277833595284;14:57;3.026000746449099;8.194525263393873;4.154596745748388;9.0;897;242
13.412561851676088;-19.13015163727413;16:04;0.8533917699403969;38.32322671974058;6.932541179751199;9.0;964;242
20.5572966517125;-20.63954981819124;12:40;5.863108007868563;5.627461666810015;22.06264917047757;9.0;760;243
19.989022708379355;-27.870590302586464;08:30;1.5906275618942216;23.31417220734317;4.082077370841428;9.0;510;244
25.497859312486344;-20.14292873008634;09:10;3.739214464720344;22.00904626001984;3.5496484389425027;9.0;550;244
22.13727220295568;-30.543013614718006;18:38;3.7865518910647338;9.502157311962083;4.596728290275909;9.0;1118;244
27.90011274691955;-13.10439917020101;10:51;1.0588531289069996;19.570402530633785;18.47324890877948;9.0;651;245
28.103043282385897;-19.997258738195672;23:36;4.237248595475436;24.68766472905688;11.114223795544572;9.0;1416;245
28.9540173802169;-20.37563642284427;04:39;3.008026344213352;6.994328732300686;6.5929507554717794;9.0;279;246
21.04244617747723;-28.011396965529386;03:03;1.99445836162703;41.05012691518829;5.459193625141763;9.0;183;247
21.19272619701932;-21.80498104072393;06:51;3.215594064156734;4.943884905905074;25.76060686235905;9.0;411;248
23.66283315758877;-29.199351777645056;16:55;2.3608667570770088;22.612784975185328;18.32570448949697;9.0;1015;248
22.76974911858972;-3.2385129322428874;17:40;1.2269310904649449;10.749320815218043;23.479601654667288;9.0;1060;249
32.2542868212645;5.19435877362443;19:44;4.7697145995857015;4.916665611834423;5.845147550288101;9.0;1184;251
29.115137203197207;3.441746580652321;08:05;4.156792469744875;12.733326018547796;4.87957621374368;9.0;485;252
8.03367378395301;-27.32494862120062;16:01;4.780483186259882;8.882824965267076;7.226150324430477;9.0;961;252
6.164814204756171;-25.408581522052717;14:19;1.8810475640062183;7.479881858497734;17.388979420441686;9.0;859;253
14.32133970321454;-21.522276315425437;15:48;3.8405534482677033;13.515711397101558;23.65381600494476;9.0;948;253
22.44826144158768;-3.417091477873374;10:43;1.8025335378964369;5.419206014699536;11.814301361935676;9.0;643;254
21.652123507462;-19.661043922616923;23:44;2.619848952475904;8.53397891013357;25.8110546080132;9.0;1424;254
19.69594683055371;-30.51038565050808;08:28;4.526151633256732;9.44211663504081;10.759059787618256;9.0;508;255
11.439013246675758;-22.01947055860785;11:01;1.9048347492545368;5.52929455323717;14.3124334526453;9.0;661;255
15.178244212604229;-20.44912056671562;13:39;10.065015480228787;11.143656935928837;15.532110441590197;9.0;819;256
16.099845670966218;-38.08051935395397;15:10;0.6173366548521982;16.89609901379986;4.462817989162151;9.0;910;258
24.48179997542759;-20.893568627421875;18:20;0.9077714729849012;5.427774971537168;4.149255118737742;9.0;1100;258
13.475703801671864;-25.060301151564403;14:55;2.5526235422834525;4.209535734020876;7.688892901291862;9.0;895;260
5.326795988375588;-27.3633304044703;15:28;1.42836833375399;24.52836539907129;5.888594115561766;9.0;928;260
25.642090978334267;-28.34503886893181;12:56;2.656942569270648;6.561346294515988;10.135757756504889;9.0;776;261
26.613899770762497;-21.850237780683763;22:31;0.9349862929808334;6.971814912410306;5.250599435757208;9.0;1351;261
10.420929041913526;-22.066486112141305;09:33;2.263224874470474;9.60571515788114;5.086319092387298;9.0;573;263
10.594484784523136;-8.552343968589666;14:02;2.553381671272115;4.861580747102106;13.275477075593583;9.0;842;263
13.77680686462526;-26.142233220367416;18:09;1.6499639106978288;13.395213253743773;29.027271305547156;9.0;1089;263
25.877858436345345;-23.837309519153795;18:25;4.987183158759739;36.3951250568411;3.9555619316437447;9.0;1105;264
18.54821573519559;-11.52702046999299;10:17;2.0843750211108194;13.259708753012788;7.545850890509684;9.0;617;265
19.810317121859867;-43.352622518679766;12:57;1.2428828799999845;11.55192084879849;17.92026142827295;9.0;777;265
5.210898997590496;-28.69254342177333;09:30;1.111023817547024;8.363775225846574;5.114690614433874;9.0;570;267
12.790828187794276;-35.63660750368924;09:31;0.8752188086603687;12.192381020554926;8.380367114249168;9.0;571;267
18.249200610757278;-34.09327435528135;10:04;6.627346377391279;11.465244418331814;7.355377917972381;9.0;604;268
10.001819771592936;-30.118467018462056;12:41;0.764088863066904;25.58049567078171;20.22427718140081;9.0;761;269
22.74122801152281;-26.3889605615512;16:09;1.5239250762116967;9.290946269754022;15.693035814181671;9.0;969;269
22.49983280542485;-18.6078719885976;19:31;5.559472254075833;23.18089166539846;12.989614926208557;9.0;1171;269
23.95425278244472;-19.7329049355747;02:10;0.7830802040366772;15.098952810498137;11.859773931327195;9.0;130;270
26.977849801529054;-12.943653981833004;13:46;5.054302800736075;43.81310564853589;9.293661532285247;9.0;826;270
26.36218145344071;-8.140387507147636;09:40;3.750163766301655;9.739582712378011;5.98088846725453;9.0;580;271
30.83874835602147;12.376461705518594;12:42;1.2820713035629696;21.38453447769719;7.203356146804365;9.0;762;271
8.209879616832003;-29.044689672020173;17:58;1.006486511305093;9.336500883059196;11.010903490856396;9.0;1078;271
39.773721239387015;-1.7978441497762598;12:44;1.8445791759541272;13.942185643536805;12.137778971708196;9.0;764;272
18.612607939732243;1.2931011964988492;20:56;2.529086823299198;11.415976307894894;3.463554985126516;9.0;1256;272
21.134796686661737;-39.9531895445877;12:31;1.3989194946918275;5.958280440980796;3.987895593748607;9.0;751;273
16.536562974583894;-20.91031554947582;16:42;0.6336876041063298;15.791030082859235;3.492151126736683;9.0;1002;273
26.907052500793203;-25.68246372048445;10:23;1.0194811939548765;21.30625469780104;9.121041410423166;9.0;623;274
26.871412338457844;-26.561846894857275;10:34;8.65290091488169;6.384467646558056;20.928468706234703;9.0;634;274
14.63283689738946;-33.73861512285724;13:18;5.100444723032358;37.5896615957817;8.298430993136249;9.0;798;274
16.574288450843383;-30.426271086005;15:05;6.3708086215306015;6.5755472504021455;6.379124030741057;9.0;905;274
13.327433236986703;-36.92616271128918;16:16;1.352048973300936;5.6597358554332615;6.816256882359507;9.0;976;274
12.714782940118122;-27.879946536002965;17:26;9.99233678032356;15.475579921039497;4.9897428815039255;9.0;1046;274
35.88310962613119;-1.87440509143094;18:06;1.4129094846026728;10.81855691761765;9.514174694842096;9.0;1086;274
6.8099102179705575;-34.6009186852973;12:38;2.980273699432162;8.459885727416262;11.264494106765444;9.0;758;275
17.68856705165109;-18.10136108468865;15:35;7.764861525853893;21.388522856522076;5.551972250962558;9.0;935;275
9.645336751352696;-31.951412705475832;16:03;12.651805615244616;17.682122605875435;8.773229537343347;9.0;963;275
23.360069878028888;-30.063333098797887;20:46;2.1438890072289767;25.352439810684324;15.601237386637443;9.0;1246;275
19.8910714863312;-26.89713141898393;08:57;2.411344630679514;6.050979750860703;24.81905411485071;9.0;537;276
22.322744733164612;-19.015823087360697;10:52;1.451510444845192;8.350162679342363;18.435713590891773;9.0;652;276
22.713954593341427;-23.099890756228568;21:34;2.651497796448413;12.848938569446076;7.519350075160722;9.0;1294;276
27.845972670772703;-24.051858823861917;09:27;1.1174203190427117;12.558244486046556;5.6628609626103446;9.0;567;278
11.260622842275907;-25.829998124613955;18:10;9.62345396234088;11.486091062108724;10.923119150445208;9.0;1090;278
22.637094625431278;3.1753685905018827;07:43;1.1506423267826558;13.004433995553237;4.450987078787007;9.0;463;279
26.788689761766697;-12.50732609416507;08:21;7.583363606186898;30.039653477866203;5.8466247673917255;9.0;501;279
6.581273485754595;-23.68070173897879;09:17;2.353068739192464;17.546259062041116;22.12947387414525;9.0;557;279
14.78022031335927;-23.3329052350126;11:44;8.650645594037613;16.851163519357176;14.608172524632186;9.0;704;279
2.095007584520623;-26.289181657157872;17:02;4.288444625648184;12.524245303709124;10.565746299537413;9.0;1022;279
22.820405906179417;-24.91376251126017;08:09;3.15344212180602;19.793574481590564;4.4441657245309685;9.0;489;280
28.946940748758976;13.34864617750899;11:54;2.840937566328519;12.267889943664535;8.197668175379096;9.0;714;280
17.742108897436125;-20.39031980639825;15:07;1.8270789697870604;33.55634771830786;6.672537610990794;9.0;907;280
23.6075213526078;-12.50966537127894;10:25;4.159272149587744;10.411465905425183;10.710755021422289;9.0;625;282
13.36494050823935;-28.476799323669425;16:16;1.4503419342288797;44.79379057754793;22.53062371015846;9.0;976;282
21.49052842709149;-32.195685527195494;10:35;4.208919231243319;8.565267744895243;16.769062174509838;9.0;635;283
17.18972581624036;-31.71235546354852;11:09;1.3266409578950489;11.290837882239115;8.395972023096803;9.0;669;283
19.40100821146978;0.8554273221641147;15:19;2.3225745394102333;9.25983729737289;4.60250395411039;9.0;919;283
11.459884228453102;-28.279875963137776;22:51;1.436024396554784;16.312178387226425;7.157994412763471;9.0;1371;283
21.059929668830208;-36.77589656747492;08:38;6.964648739931787;10.265404139006778;4.211879830270452;9.0;518;284
18.85289876179675;-12.81404139909464;09:39;3.5674920716438505;11.99634617930852;7.00072168366116;9.0;579;284
24.9936322717085;-17.221951787170774;15:55;0.7721438206646837;5.328980213105533;13.593317768234726;9.0;955;284
17.825592078179497;-35.35937197638361;16:30;13.749068815727794;14.036750396663694;5.89736479435032;9.0;990;284
16.069879355168418;13.34158255605655;17:33;9.280131600189296;29.02747796208629;7.58178789471586;9.0;1053;284
27.99090736604284;-12.7485570053583;09:58;3.279030131385804;12.535265032986503;5.169370882483094;9.0;598;285
12.975571394084575;-37.208190866855766;14:40;1.775162140085364;14.96285470629598;20.87853482093873;9.0;880;285
17.423442073462105;-16.21294380717004;17:26;10.943127309023374;19.552479886413465;28.538587182025932;9.0;1046;286
22.408118036144383;-11.906862460712944;00:07;6.831404090280824;27.366376238461218;5.041702970763043;9.0;7;287
23.75463941316801;-19.29109313459797;11:37;2.712524977931403;28.0620485030906;10.046482325911628;9.0;697;287
20.60530616123454;-20.05107014049284;08:52;1.1898480347596263;24.46002415691533;11.114471757718698;9.0;532;288
19.318623773561253;-20.896293020405757;12:16;2.2138787333001773;8.804023889558625;5.303272235605591;9.0;736;288
25.66059792501596;-21.48583753283971;14:47;3.110456844452934;11.232352056322908;8.043738118454502;9.0;887;288
19.43297635637453;-24.278233171943292;15:21;2.3157260556938613;22.974183896388528;8.231555334566265;9.0;921;288
21.35084464250462;1.331060048372109;11:30;5.917201885349503;17.00466538201556;25.644285760180683;9.0;690;289
23.17526744359945;-19.24091479316163;11:37;8.35914697328837;9.060982068536957;9.437261900578289;9.0;697;289
11.211506770237923;-30.21515875045526;12:25;8.372300114988008;16.65205698018125;10.13409136967546;9.0;745;289
15.848422958338007;-11.40396618133284;05:08;1.4505294326273774;44.56208171662915;12.750126778496512;9.0;308;290
18.500840822910472;-40.68288923644249;10:27;2.776725983410544;4.895157165425188;3.266295348475594;9.0;627;290
22.05118757891912;-19.10814625643385;14:24;1.320917621010745;12.772876447080716;4.601796885303202;9.0;864;290
8.374330232606194;-29.43594289944883;08:48;3.086878733563563;43.5538578280583;9.590858699239444;9.0;528;292
19.644503851345466;-33.44179406544353;17:36;1.2999034779923997;7.3762581911797955;5.931330970816488;9.0;1056;292
24.721773026532382;-16.320347600388637;07:11;1.7004241550789594;15.74418960559493;24.714492913569256;9.0;431;293
14.439799372473637;-11.35128326624471;08:30;2.1927770618687386;5.284597515843252;25.01067063374855;9.0;510;293
13.99935209289398;-5.90911497299912;08:39;2.043544705610361;19.52238311306293;17.069839000785258;9.0;519;293
31.43738441888135;-13.157809103768107;09:34;3.0367212110912303;16.437570344456674;17.737252614160383;9.0;574;293
16.20542798847916;-16.022384197779402;21:40;1.3623745036973465;6.267312198464103;27.76886962656576;9.0;1300;293
21.759146528772387;-21.505332705410147;14:08;2.947697409308105;10.967781976463858;15.11914668724243;9.0;848;295
13.895805362627796;-23.14393792025577;15:26;0.8627089896794843;17.03586074923969;11.44197613788768;9.0;926;295
18.09689652937057;-20.817733926666065;15:31;1.7999275547441569;17.977340908310726;3.816162955356608;9.0;931;295
22.11206388998064;-27.12940708403158;19:01;8.44542033037692;23.56303097621012;4.150325271972661;9.0;1141;295
22.49376322435927;-36.35242606198344;06:48;3.26841997684829;6.628232635750671;5.630807736110124;9.0;408;297
9.677747543763772;-23.82829296590585;12:42;7.673771150909133;7.438312466420698;11.923483822938234;9.0;762;297
19.61963071461107;7.264348735233831;12:59;2.695774671727238;33.02754533146151;11.171031236725346;9.0;779;298
15.15689136709119;-20.65381384902218;11:45;5.907119758930399;42.93008083230393;18.63511474952344;9.0;705;299
24.95656259220553;4.281245723486265;15:15;4.831039126949688;9.814101180551656;16.301719122373186;9.0;915;299
17.62019723269541;-17.298417059396016;07:51;1.1043578731386017;4.474872153729672;16.625103076745525;9.0;471;300
20.59716248936448;-24.190821194547578;08:17;3.4872673839092827;7.070755521281328;15.900867947808504;9.0;497;300
20.420328683837266;-17.45739069359994;11:59;5.612206621659179;15.955064137554762;13.899491669802854;9.0;719;301
21.84115404812767;-6.678126457244705;07:02;0.8239156318455835;5.177479433781917;7.487646689294115;9.0;422;303
20.880697384526947;-23.502419467271885;11:51;3.522399437646593;7.534437224002194;3.486543206706743;9.0;711;304
20.95574732359737;-24.812806676445472;13:38;2.9050104836466915;12.754246188083824;13.20201893577278;9.0;818;304
17.04404947511364;-15.252733331076286;17:29;0.803034392018248;41.18265564025268;3.981800238378881;9.0;1049;304
27.49759686525774;-9.428545369140872;14:26;1.9932499519452365;6.803816396006806;14.967274080428572;9.0;866;305
19.184953711890444;-10.335960467910391;19:04;9.583558983977834;13.216441481489664;4.61195213633777;9.0;1144;305
10.604806806214048;-26.32683272785321;21:29;5.367755052691612;14.153426234882936;16.701753140024625;9.0;1289;305
9.817898404507806;-22.92062917947197;13:20;1.7396986633316291;20.28237521976973;6.510268135833793;9.0;800;306
25.476339538562375;2.166604245252437;17:50;4.474453813234811;28.05403418623736;5.082882990685931;9.0;1070;306
6.82071444262354;-26.21661677279451;07:54;4.88460705882119;29.201905570778955;12.29464264998546;9.0;474;307
36.41300386956405;2.2057348039088827;09:12;5.97541120465883;7.550420367858004;13.00869516326339;9.0;552;307
31.98680911960581;-10.556601491130326;19:46;12.17966827530931;23.638218555788;18.08601181566297;9.0;1186;307
18.47650143341893;-18.52743351751343;10:52;4.219518085492016;7.825872224105596;14.30543828165975;9.0;652;308
23.32822674817845;-31.151108301857025;10:08;7.428243391506682;4.263828130500928;15.929790821594082;9.0;608;309
11.088875548473448;-25.01986401810085;12:49;1.2373393160788777;4.8922994401957975;5.804496565949754;9.0;769;309
18.1392557957246;-36.266401085165896;13:59;4.568519816846724;44.546312555884086;11.553732019567814;9.0;839;310
1.098137516831521;-26.30793144316876;18:11;2.7373408970532545;19.563731085063427;3.2744350089304213;9.0;1091;310
11.823438177710042;-36.87185135588222;10:26;3.0856013332685555;11.107814266716886;7.257095579623519;9.0;626;311
17.64390315068122;-22.069036641890914;10:27;1.8145497845285183;5.592682397564422;3.317539822952132;9.0;627;311
9.567821235038592;-9.170008364641705;11:37;1.6974638994150968;15.421721258796763;11.967843793622098;9.0;697;312
22.798293420759656;12.463627552272172;07:01;2.039293775060862;7.8164440195860925;19.71887850883744;9.0;421;313
22.119000261197066;-19.7852565307431;17:08;5.851536274849005;5.400097560862093;12.069129368838508;9.0;1028;314
9.178628437279828;-6.140129467496912;12:00;4.066078410350623;38.16907124703212;8.935987015443681;9.0;720;316
19.241910607479888;-11.88733333525841;13:33;13.992866799939131;14.612534588445913;7.396946385975765;9.0;813;316
23.81501590983575;-16.85881118385292;15:22;1.1666823822343653;12.25662001846247;5.388151352397257;9.0;922;316
26.81224501666804;-14.693994484084286;16:45;8.924379992365244;26.304631578760457;18.610716515335174;9.0;1005;318
20.91734955218834;-4.913919612725429;17:48;2.755617002924581;13.020872228798517;15.712207874131837;9.0;1068;318
3.900787665699284;-30.33512670757352;00:07;7.158158303874024;6.300292976357967;9.86123613547557;9.0;7;319
24.13427255987526;-18.8839968101502;15:55;2.2778611338620545;16.597847528369417;3.8877156402836777;9.0;955;319
1.5231061815243123;-24.839754424618377;23:50;3.101154787607959;15.159347996571462;6.368365801236649;9.0;1430;319
24.649654698867888;-28.532032951348405;06:52;0.8501898685967033;29.946721534369743;4.37038160019042;9.0;412;321
12.29627730791549;-31.97928824761744;08:30;8.452781471312258;6.238211717598138;29.9640330369664;9.0;510;321
16.887015573556234;-35.33356486958651;19:28;4.966806606518655;6.700681053762758;7.945770748148716;9.0;1168;321
18.148558516491008;-17.047992305134734;22:18;6.102485611861848;17.0767905557593;7.457545090830166;9.0;1338;321
14.748608645617969;-10.96356767637711;04:39;3.9902020114019017;17.701478903225972;7.858952026490702;9.0;279;323
14.754191666598626;-18.49422054831816;09:27;5.043847720354389;10.863007860649134;23.215945592910305;9.0;567;323
13.391734368572669;-18.19183062128223;16:17;1.139559759855093;4.455900506308659;5.204686249556353;9.0;977;323
20.576523451699664;-36.45998222922671;16:18;2.002955475246462;6.953340107442409;3.936332983407052;9.0;978;323
10.61871594605969;-26.393725971061485;09:22;7.1767385452334;23.89042734519621;12.285264345158875;9.0;562;325
18.81108385510844;-12.532837079312833;10:37;1.86450591947536;34.63565563676128;13.894895587551677;9.0;637;326
6.959116153511841;-30.554200859323323;13:12;0.8434559324032044;7.40827463480568;19.363392581924277;9.0;792;326
23.677597732424218;-22.95872523476846;17:10;12.91416588513575;10.663602015335824;25.03964739023461;9.0;1030;326
25.323861761537614;-15.136178561946393;22:38;3.33046937685314;17.356411081797923;4.9443229558593815;9.0;1358;326
8.588061371196327;-21.43555722609223;08:33;3.2190401411400176;5.020724469628262;13.884716231666689;9.0;513;327
15.81908495945174;-16.996012660789102;09:35;2.128554887917172;6.514210954781945;10.18449980033605;9.0;575;327
14.825878694692465;-26.27229058989384;17:07;4.490399591395283;21.083294583816865;7.9786079905265215;9.0;1027;327
37.55949296863537;2.250376947066954;11:18;9.323903814370263;17.482166306431786;5.121239421807379;9.0;678;328
1.4044834766263303;-31.736438110788328;16:14;5.054191868644969;8.850446891424088;26.834038901395378;9.0;974;328
17.219598645869084;-6.715230171455964;10:48;1.5765132637759491;10.833302689102364;10.699516520811285;9.0;648;329
19.157645493516487;-25.38132713324832;11:44;1.3043341132605726;34.25876091929784;15.877797331015673;9.0;704;329
8.7257563931931;-26.790583840198916;18:11;1.2109533173898002;25.210717864756333;9.05686699199376;9.0;1091;329
11.72727061903372;-35.60716530774067;11:24;5.8929849222882815;7.335315872226173;17.63891109552645;9.0;684;330
13.88193847488012;-23.11857709626909;11:30;3.3849494959058326;15.23690657904494;11.112492680490703;9.0;690;331
11.110197906027205;-9.031628558020168;18:25;0.665255323449412;22.72370621296317;7.123779027890831;9.0;1105;331
22.751144013353084;6.538726874215591;13:04;2.367816046087774;19.403527952226387;10.97509322356557;9.0;784;332
16.063203310022093;-35.580064067040375;15:52;1.0444786061127067;26.490558031471647;5.284299256104008;9.0;952;333
22.70926982597377;-15.694531983409616;22:28;6.308569140187199;41.02747365852432;5.524716530513416;9.0;1348;333
9.464687039768284;-32.33803849704461;05:27;3.718877830142653;4.576288883449259;24.24503531537801;9.0;327;334
21.3601424990214;-36.01576260035008;09:06;0.7154303977549966;22.06520718418514;4.013696574618148;9.0;546;334
11.275039101382225;-23.661344052320093;09:55;1.7182098655377205;12.578741357873906;10.959257243150828;9.0;595;334
27.494971752513557;-8.808334861216931;14:53;0.9943880005565152;24.54657938788971;8.342516953018542;9.0;893;334
9.8786532599006;-40.80781859139864;18:51;1.3750336759733035;25.18100467498533;13.485043651377532;9.0;1131;334
32.15626283479769;8.039489041125002;00:47;1.6261328936305093;20.364624824958423;3.812822851438949;9.0;47;335
30.823743594431612;-12.512991570437668;15:46;1.438555061578013;33.35145016949896;12.144778118091857;9.0;946;335
35.159370352871775;-2.769466216191232;13:27;7.824071335910704;11.280727029257315;14.79836721890042;9.0;807;336
9.810939690837918;-20.56774335504864;09:43;2.696000907039834;6.873277158570579;16.652206390319023;9.0;583;337
16.50893554228338;-25.849564355026267;10:28;1.5802545790102402;18.53682324557007;6.2884676186785935;9.0;628;337
16.885268702080808;-32.491031456783254;17:50;1.999168108846112;13.179590109042438;17.67340150105476;9.0;1070;337
18.423255051045185;-31.552018154721384;09:28;3.684202993730201;6.696216482442494;12.326925272606122;9.0;568;338
17.71362195813774;-22.76466735552589;15:59;1.7519097857031785;20.71366197275233;28.444555722539576;9.0;959;338
14.95037887153916;-29.419373964053968;19:57;1.1357822297299662;4.285260941818007;4.784594638276493;9.0;1197;338
7.216088239422906;-25.684190407346104;10:06;1.2263036303200068;13.315023289179337;5.295349621003778;9.0;606;339
12.19856403906856;-38.94566697224428;12:50;1.6811494853700268;9.048748013656128;4.537141751571085;9.0;770;339
16.665227366295493;-21.36268317783093;21:31;7.300916211492794;9.379576751431054;8.75740443056716;9.0;1291;340
17.886153204416903;-19.56304048226996;00:23;8.876320040181044;11.53130306269128;11.537440437836802;9.0;23;341
19.37918139008803;-28.56323946169853;15:08;3.856864295037413;15.946429352866373;29.083838307290325;9.0;908;341
15.936564981996288;-36.4965661649498;12:39;9.034786429311252;34.13794333429397;4.984634808006384;9.0;759;342
26.90641900755472;10.866123027740509;17:46;1.206193767080265;4.263829677632886;16.396129278620116;9.0;1066;342
27.01154969955308;-17.46265051477974;15:02;0.9877608954651907;16.07211135614102;5.198216230302986;9.0;902;344
14.54682359920205;-39.68900048001791;18:40;3.1614086653882136;5.046816556528164;6.434972649194638;9.0;1120;344
20.46339524128293;-7.523620948192335;22:43;0.8065012508459546;6.308078774341727;4.02147182342171;9.0;1363;345
23.197911498995783;-5.855115619124902;11:04;0.7255805073124512;7.231153896098142;8.038143866756686;9.0;664;346
17.214385835223666;-26.2707573193005;14:56;4.024741460375476;31.28095698799841;17.1962356770285;9.0;896;346
14.091074955832717;-29.419529424580475;10:25;9.666198865618428;12.71470388605364;3.694330497512008;9.0;625;347
23.327408715169405;-13.04238404383182;12:25;1.2386438524430283;19.069859030585988;9.673529652262204;9.0;745;347
7.856564733508707;-32.21232020668798;13:01;2.6026495128704306;30.308515909814037;9.81537787291947;9.0;781;347
20.927893866720996;-26.27044043419701;16:03;3.875636021671475;21.09149888939229;7.341184753922516;9.0;963;347
21.268812050841625;-15.371823451376184;08:43;1.0318204950622252;5.391526867997037;28.51939736610027;9.0;523;348
18.37032154275464;-11.267730601711198;12:10;4.739250000239396;26.560954997263305;11.285046721938288;9.0;730;348
4.930901395523415;-22.390457546048;15:35;3.132867595893728;32.52285654522038;15.232297086793276;9.0;935;348
19.010304153552585;-34.031606858152514;06:30;1.631794132465147;9.764175613507916;8.053806010326207;9.0;390;349
18.1508092104438;-21.321911602846622;15:02;0.632573361237423;27.366171320278237;10.128171635194704;9.0;902;349
18.656637296375692;-17.293608308127673;19:06;2.553328614131787;6.666504320408077;20.21589781563817;9.0;1146;349
7.347334113005751;-22.771029842014126;15:33;7.598354289574765;8.56957919603219;16.62244150427827;9.0;933;350
17.1151861307296;-17.121770037902387;22:38;1.8250972859807832;4.565228206018659;19.91917391282261;9.0;1358;351
19.30459040180949;-38.87549367814987;09:06;6.495703317856364;7.06195580351864;10.26861403195798;9.0;546;352
11.008174722463677;-32.385482572776986;10:46;11.300825242525232;8.611904277912924;14.155381015446046;9.0;646;352
12.59887393864426;-21.48524560751069;11:46;3.2275961972217617;5.213027591112326;30.634389473513966;9.0;706;352
12.249579590916616;-20.582362714693517;11:47;5.587156923600221;10.002613732362224;11.648401356892156;9.0;707;352
21.719681071779085;-19.40969844251924;13:57;1.125854201265173;23.54387864038249;6.479415585707926;9.0;837;352
20.877832429081742;-27.418898424920844;16:07;3.721582795287332;6.782953615002597;8.758043057789168;9.0;967;352
23.29802714526862;-17.756215321620996;11:33;0.7389828503498769;7.190810027710256;5.189111071882428;9.0;693;353
11.49267745862007;-24.80654982231393;13:13;1.695330821340204;18.584034991850167;14.635486437992602;9.0;793;354
24.77955581429124;-23.507361738551435;20:20;4.68825463641128;29.47904752834553;10.564024467951622;9.0;1220;354
24.180399004055545;-14.094935368318309;23:19;6.476387550309961;25.85879504092577;11.69081839864679;9.0;1399;354
13.419704469557567;-30.22265265565407;08:08;0.8239611990064893;18.78271877905209;16.92515274780558;9.0;488;355
15.994368217302684;-26.073985092674484;11:47;10.811890664184745;10.430181855643047;7.305114885623706;9.0;707;355
13.233312013337024;-30.1217880166502;12:22;7.001616505922422;14.56532126952138;5.237475629677237;9.0;742;356
